Team_A,Team_B,Team_A_Win_Prob,Draw_Prob,Team_B_Win_Prob
Algeria,Argentina,0.0264,0.1657,0.8079
Algeria,Australia,0.5721,0.3031,0.1248
Algeria,Austria,0.4044,0.3543,0.2412
Algeria,Belgium,0.0707,0.2492,0.6801
Algeria,Bosnia and Herzegovina,0.4764,0.3374,0.1861
Algeria,Brazil,0.0988,0.2809,0.6203
Algeria,Cabo Verde,0.4247,0.3506,0.2248
Algeria,Canada,0.2333,0.3525,0.4142
Algeria,Colombia,0.4262,0.3502,0.2236
Algeria,Congo DR,0.4766,0.3377,0.1857
Algeria,Croatia,0.2665,0.3582,0.3753
Algeria,Curacao,0.7085,0.2324,0.0592
Algeria,Czechia,0.6627,0.2589,0.0785
Algeria,Ecuador,0.5882,0.2958,0.1159
Algeria,Egypt,0.3201,0.362,0.3179
Algeria,England,0.0828,0.264,0.6532
Algeria,France,0.0282,0.1706,0.8012
Algeria,Germany,0.0353,0.1879,0.7768
Algeria,Ghana,0.7312,0.2182,0.0506
Algeria,Haiti,0.645,0.2683,0.0867
Algeria,Iran,0.5773,0.3009,0.1218
Algeria,Iraq,0.7819,0.1844,0.0337
Algeria,Japan,0.2458,0.3551,0.3992
Algeria,Jordan,0.5421,0.3152,0.1426
Algeria,Mexico,0.1862,0.3379,0.4758
Algeria,Morocco,0.1264,0.3043,0.5693
Algeria,Netherlands,0.0511,0.2188,0.7301
Algeria,New Zealand,0.3071,0.3615,0.3314
Algeria,Norway,0.0895,0.271,0.6395
Algeria,Panama,0.7986,0.1725,0.029
Algeria,Paraguay,0.7909,0.178,0.0311
Algeria,Portugal,0.2403,0.3543,0.4054
Algeria,Qatar,0.696,0.2397,0.0643
Algeria,Saudi Arabia,0.6389,0.2713,0.0898
Algeria,Scotland,0.674,0.2525,0.0735
Algeria,Senegal,0.0567,0.2287,0.7146
Algeria,South Africa,0.6263,0.2779,0.0959
Algeria,South Korea,0.5766,0.301,0.1224
Algeria,Spain,0.1568,0.3237,0.5196
Algeria,Sweden,0.2558,0.3567,0.3875
Algeria,Switzerland,0.2087,0.3457,0.4456
Algeria,Tunisia,0.6748,0.252,0.0733
Algeria,Turkey,0.5989,0.2911,0.11
Algeria,United States,0.1939,0.3407,0.4654
Algeria,Uruguay,0.4599,0.3422,0.1978
Algeria,Uzbekistan,0.701,0.2368,0.0622
Argentina,Algeria,0.8082,0.1654,0.0264
Argentina,Australia,0.9068,0.0868,0.0065
Argentina,Austria,0.8491,0.1344,0.0166
Argentina,Belgium,0.5126,0.3262,0.1612
Argentina,Bosnia and Herzegovina,0.8767,0.1121,0.0112
Argentina,Brazil,0.5818,0.2988,0.1194
Argentina,Cabo Verde,0.8573,0.1278,0.0148
Argentina,Canada,0.7513,0.2051,0.0436
Argentina,Colombia,0.858,0.1273,0.0147
Argentina,Congo DR,0.8767,0.1122,0.0112
Argentina,Croatia,0.7759,0.1884,0.0357
Argentina,Curacao,0.9417,0.0558,0.0026
Argentina,Czechia,0.9307,0.0657,0.0036
Argentina,Ecuador,0.9113,0.0828,0.0059
Argentina,Egypt,0.8086,0.1651,0.0263
Argentina,England,0.5454,0.314,0.1406
Argentina,France,0.331,0.3616,0.3074
Argentina,Germany,0.3729,0.3588,0.2683
Argentina,Ghana,0.9468,0.051,0.0021
Argentina,Haiti,0.9263,0.0696,0.0041
Argentina,Iran,0.9082,0.0855,0.0063
Argentina,Iraq,0.9579,0.0408,0.0013
Argentina,Japan,0.761,0.1986,0.0404
Argentina,Jordan,0.898,0.0943,0.0077
Argentina,Mexico,0.7086,0.2322,0.0592
Argentina,Morocco,0.6321,0.2748,0.093
Argentina,Netherlands,0.4462,0.3453,0.2085
Argentina,New Zealand,0.8014,0.1704,0.0283
Argentina,Norway,0.5616,0.3072,0.1312
Argentina,Panama,0.9614,0.0375,0.0011
Argentina,Paraguay,0.9598,0.039,0.0012
Argentina,Portugal,0.7568,0.2015,0.0417
Argentina,Qatar,0.9388,0.0584,0.0028
Argentina,Saudi Arabia,0.9248,0.0709,0.0042
Argentina,Scotland,0.9335,0.0632,0.0033
Argentina,Senegal,0.4672,0.3403,0.1925
Argentina,South Africa,0.9215,0.0739,0.0046
Argentina,South Korea,0.9081,0.0856,0.0063
Argentina,Spain,0.6751,0.2517,0.0731
Argentina,Sweden,0.7684,0.1935,0.038
Argentina,Switzerland,0.7305,0.2185,0.051
Argentina,Tunisia,0.9337,0.063,0.0033
Argentina,Turkey,0.9142,0.0803,0.0055
Argentina,United States,0.7165,0.2273,0.0562
Argentina,Uruguay,0.8707,0.117,0.0122
Argentina,Uzbekistan,0.9399,0.0573,0.0027
Australia,Algeria,0.1248,0.3027,0.5725
Australia,Argentina,0.0065,0.0868,0.9068
Australia,Austria,0.1783,0.3341,0.4876
Australia,Belgium,0.019,0.1432,0.8378
Australia,Bosnia and Herzegovina,0.2322,0.3518,0.416
Australia,Brazil,0.0279,0.1696,0.8025
Australia,Cabo Verde,0.1926,0.3401,0.4674
Australia,Canada,0.0808,0.2613,0.6579
Australia,Colombia,0.1937,0.3404,0.4659
Australia,Congo DR,0.2324,0.3523,0.4153
Australia,Croatia,0.0968,0.2783,0.6249
Australia,Curacao,0.4797,0.3366,0.1837
Australia,Czechia,0.4204,0.3513,0.2283
Australia,Ecuador,0.3356,0.3611,0.3033
Australia,Egypt,0.1254,0.3034,0.5712
Australia,England,0.0227,0.155,0.8222
Australia,France,0.0069,0.0897,0.9033
Australia,Germany,0.0088,0.1005,0.8906
Australia,Ghana,0.5113,0.3265,0.1621
Australia,Haiti,0.3991,0.3551,0.2458
Australia,Iran,0.3244,0.3618,0.3138
Australia,Iraq,0.5875,0.2964,0.1161
Australia,Japan,0.0867,0.2679,0.6455
Australia,Jordan,0.2898,0.3606,0.3496
Australia,Mexico,0.0602,0.2339,0.7059
Australia,Morocco,0.0373,0.1922,0.7705
Australia,Netherlands,0.0132,0.1211,0.8657
Australia,New Zealand,0.1181,0.2974,0.5845
Australia,Norway,0.0248,0.161,0.8142
Australia,Panama,0.6141,0.2837,0.1022
Australia,Paraguay,0.6017,0.2897,0.1086
Australia,Portugal,0.0841,0.2653,0.6506
Australia,Qatar,0.4629,0.3411,0.196
Australia,Saudi Arabia,0.3916,0.3559,0.2525
Australia,Scotland,0.4345,0.3483,0.2172
Australia,Senegal,0.0148,0.128,0.8572
Australia,South Africa,0.3772,0.3581,0.2647
Australia,South Korea,0.3236,0.3614,0.315
Australia,Spain,0.0485,0.2143,0.7372
Australia,Sweden,0.0915,0.273,0.6355
Australia,Switzerland,0.0698,0.2472,0.683
Australia,Tunisia,0.4354,0.3479,0.2168
Australia,Turkey,0.3469,0.3608,0.2922
Australia,United States,0.0634,0.2384,0.6982
Australia,Uruguay,0.2191,0.3488,0.4321
Australia,Uzbekistan,0.4696,0.3393,0.1911
Austria,Algeria,0.2413,0.3539,0.4048
Austria,Argentina,0.0165,0.1343,0.8491
Austria,Australia,0.4875,0.3341,0.1783
Austria,Belgium,0.0461,0.2102,0.7437
Austria,Bosnia and Herzegovina,0.3889,0.3563,0.2548
Austria,Brazil,0.0658,0.2419,0.6923
Austria,Cabo Verde,0.3384,0.3613,0.3003
Austria,Canada,0.1686,0.3296,0.5019
Austria,Colombia,0.3398,0.3612,0.299
Austria,Congo DR,0.3891,0.3567,0.2542
Austria,Croatia,0.1961,0.3409,0.463
Austria,Curacao,0.6393,0.2712,0.0895
Austria,Czechia,0.5869,0.2966,0.1165
Austria,Ecuador,0.5048,0.3284,0.1668
Austria,Egypt,0.2422,0.3544,0.4034
Austria,England,0.0545,0.2247,0.7208
Austria,France,0.0177,0.1386,0.8437
Austria,Germany,0.0223,0.1538,0.8239
Austria,Ghana,0.6657,0.2571,0.0772
Austria,Haiti,0.5671,0.3052,0.1277
Austria,Iran,0.493,0.3325,0.1744
Austria,Iraq,0.7261,0.2215,0.0525
Austria,Japan,0.1788,0.3342,0.487
Austria,Jordan,0.4559,0.343,0.2011
Austria,Mexico,0.131,0.3076,0.5614
Austria,Morocco,0.0857,0.267,0.6473
Austria,Netherlands,0.0328,0.1817,0.7856
Austria,New Zealand,0.2308,0.3515,0.4177
Austria,Norway,0.0592,0.2318,0.709
Austria,Panama,0.7461,0.2085,0.0454
Austria,Paraguay,0.7368,0.2145,0.0486
Austria,Portugal,0.1744,0.3325,0.4931
Austria,Qatar,0.6248,0.2784,0.0968
Austria,Saudi Arabia,0.5602,0.3078,0.1321
Austria,Scotland,0.5997,0.2907,0.1096
Austria,Senegal,0.0366,0.1908,0.7727
Austria,South Africa,0.5462,0.3136,0.1402
Austria,South Korea,0.4923,0.3325,0.1752
Austria,Spain,0.1084,0.2894,0.6022
Austria,Sweden,0.1871,0.3376,0.4753
Austria,Switzerland,0.1488,0.3187,0.5325
Austria,Tunisia,0.6005,0.2901,0.1093
Austria,Turkey,0.5163,0.3247,0.159
Austria,United States,0.137,0.3114,0.5515
Austria,Uruguay,0.3726,0.3587,0.2687
Austria,Uzbekistan,0.6306,0.2755,0.0938
Belgium,Algeria,0.681,0.2482,0.0708
Belgium,Argentina,0.1613,0.3255,0.5132
Belgium,Australia,0.8382,0.1428,0.019
Belgium,Austria,0.7442,0.2097,0.0462
Belgium,Bosnia and Herzegovina,0.7884,0.1796,0.032
Belgium,Brazil,0.3895,0.3562,0.2543
Belgium,Cabo Verde,0.7573,0.2011,0.0417
Belgium,Canada,0.5986,0.2909,0.1105
Belgium,Colombia,0.7583,0.2004,0.0414
Belgium,Congo DR,0.7884,0.1797,0.0319
Belgium,Croatia,0.6334,0.2738,0.0928
Belgium,Curacao,0.8975,0.0947,0.0078
Belgium,Czechia,0.8788,0.1104,0.0108
Belgium,Ecuador,0.8458,0.1368,0.0173
Belgium,Egypt,0.6817,0.2479,0.0704
Belgium,England,0.3515,0.3603,0.2882
Belgium,France,0.1695,0.3297,0.5008
Belgium,Germany,0.1999,0.3425,0.4576
Belgium,Ghana,0.9065,0.087,0.0065
Belgium,Haiti,0.8713,0.1166,0.0122
Belgium,Iran,0.8406,0.1409,0.0184
Belgium,Iraq,0.9257,0.0702,0.0041
Belgium,Japan,0.6122,0.2845,0.1034
Belgium,Jordan,0.8235,0.154,0.0225
Belgium,Mexico,0.5408,0.3156,0.1437
Belgium,Morocco,0.4459,0.3453,0.2088
Belgium,Netherlands,0.2587,0.3566,0.3846
Belgium,New Zealand,0.6708,0.2539,0.0753
Belgium,Norway,0.368,0.3585,0.2735
Belgium,Panama,0.9318,0.0647,0.0035
Belgium,Paraguay,0.929,0.0672,0.0038
Belgium,Portugal,0.6062,0.2874,0.1063
Belgium,Qatar,0.8926,0.0989,0.0086
Belgium,Saudi Arabia,0.8687,0.1186,0.0127
Belgium,Scotland,0.8835,0.1065,0.01
Belgium,Senegal,0.2772,0.3596,0.3633
Belgium,South Africa,0.8631,0.1232,0.0137
Belgium,South Korea,0.8404,0.1411,0.0185
Belgium,Spain,0.4979,0.3306,0.1715
Belgium,Sweden,0.6227,0.2793,0.0981
Belgium,Switzerland,0.57,0.3035,0.1265
Belgium,Tunisia,0.8839,0.1062,0.01
Belgium,Turkey,0.8507,0.133,0.0162
Belgium,United States,0.5511,0.3114,0.1375
Belgium,Uruguay,0.7788,0.1864,0.0348
Belgium,Uzbekistan,0.8946,0.0972,0.0083
Bosnia and Herzegovina,Algeria,0.1861,0.3375,0.4765
Bosnia and Herzegovina,Argentina,0.0112,0.1123,0.8765
Bosnia and Herzegovina,Australia,0.4156,0.3523,0.2321
Bosnia and Herzegovina,Austria,0.2545,0.3568,0.3887
Bosnia and Herzegovina,Belgium,0.032,0.1804,0.7877
Bosnia and Herzegovina,Brazil,0.0462,0.2104,0.7433
Bosnia and Herzegovina,Cabo Verde,0.272,0.3593,0.3686
Bosnia and Herzegovina,Canada,0.1256,0.3037,0.5707
Bosnia and Herzegovina,Colombia,0.2734,0.3594,0.3672
Bosnia and Herzegovina,Congo DR,0.3194,0.3621,0.3185
Bosnia and Herzegovina,Croatia,0.148,0.3184,0.5336
Bosnia and Herzegovina,Curacao,0.5752,0.3019,0.1229
Bosnia and Herzegovina,Czechia,0.5186,0.3242,0.1572
Bosnia and Herzegovina,Ecuador,0.433,0.3485,0.2185
Bosnia and Herzegovina,Egypt,0.1868,0.3381,0.4751
Bosnia and Herzegovina,England,0.038,0.194,0.768
Bosnia and Herzegovina,France,0.012,0.116,0.872
Bosnia and Herzegovina,Germany,0.0152,0.1294,0.8554
Bosnia and Herzegovina,Ghana,0.6044,0.2887,0.107
Bosnia and Herzegovina,Haiti,0.4976,0.3312,0.1711
Bosnia and Herzegovina,Iran,0.4212,0.3513,0.2275
Bosnia and Herzegovina,Iraq,0.6722,0.2536,0.0742
Bosnia and Herzegovina,Japan,0.1339,0.3095,0.5567
Bosnia and Herzegovina,Jordan,0.384,0.3573,0.2586
Bosnia and Herzegovina,Mexico,0.0957,0.278,0.6263
Bosnia and Herzegovina,Morocco,0.061,0.2352,0.7038
Bosnia and Herzegovina,Netherlands,0.0225,0.1542,0.8233
Bosnia and Herzegovina,New Zealand,0.1771,0.3336,0.4893
Bosnia and Herzegovina,Norway,0.0414,0.2007,0.7578
Bosnia and Herzegovina,Panama,0.6952,0.2402,0.0646
Bosnia and Herzegovina,Paraguay,0.6845,0.2465,0.069
Bosnia and Herzegovina,Portugal,0.1303,0.3073,0.5625
Bosnia and Herzegovina,Qatar,0.5594,0.3083,0.1323
Bosnia and Herzegovina,Saudi Arabia,0.4903,0.3332,0.1765
Bosnia and Herzegovina,Scotland,0.5323,0.3191,0.1486
Bosnia and Herzegovina,Senegal,0.0252,0.1625,0.8123
Bosnia and Herzegovina,South Africa,0.4758,0.3378,0.1864
Bosnia and Herzegovina,South Korea,0.4204,0.3512,0.2285
Bosnia and Herzegovina,Spain,0.0782,0.2584,0.6635
Bosnia and Herzegovina,Sweden,0.1407,0.3139,0.5455
Bosnia and Herzegovina,Switzerland,0.1097,0.2907,0.5996
Bosnia and Herzegovina,Tunisia,0.5332,0.3186,0.1482
Bosnia and Herzegovina,Turkey,0.4448,0.346,0.2092
Bosnia and Herzegovina,United States,0.1004,0.2824,0.6172
Bosnia and Herzegovina,Uruguay,0.3038,0.3617,0.3345
Bosnia and Herzegovina,Uzbekistan,0.5657,0.3057,0.1285
Brazil,Algeria,0.6207,0.2804,0.0989
Brazil,Argentina,0.1194,0.2986,0.582
Brazil,Australia,0.8026,0.1695,0.0279
Brazil,Austria,0.6924,0.2418,0.0658
Brazil,Belgium,0.254,0.3567,0.3893
Brazil,Bosnia and Herzegovina,0.7438,0.21,0.0463
Brazil,Cabo Verde,0.7076,0.2328,0.0597
Brazil,Canada,0.5305,0.3195,0.15
Brazil,Colombia,0.7087,0.2321,0.0592
Brazil,Congo DR,0.7438,0.21,0.0462
Brazil,Croatia,0.5681,0.3044,0.1275
Brazil,Curacao,0.8741,0.1143,0.0116
Brazil,Czechia,0.8514,0.1326,0.0161
Brazil,Ecuador,0.8118,0.1627,0.0255
Brazil,Egypt,0.6215,0.2801,0.0983
Brazil,England,0.2835,0.3602,0.3563
Brazil,France,0.126,0.3037,0.5703
Brazil,Germany,0.1508,0.3202,0.529
Brazil,Ghana,0.885,0.1053,0.0097
Brazil,Haiti,0.8423,0.1396,0.018
Brazil,Iran,0.8056,0.1674,0.0271
Brazil,Iraq,0.9084,0.0854,0.0062
Brazil,Japan,0.5451,0.3139,0.141
Brazil,Jordan,0.7851,0.182,0.0329
Brazil,Mexico,0.4694,0.3395,0.1911
Brazil,Morocco,0.3736,0.3584,0.268
Brazil,Netherlands,0.2006,0.3426,0.4569
Brazil,New Zealand,0.6094,0.2859,0.1048
Brazil,Norway,0.2989,0.3608,0.3403
Brazil,Panama,0.9159,0.0788,0.0053
Brazil,Paraguay,0.9124,0.0818,0.0057
Brazil,Portugal,0.5387,0.3165,0.1448
Brazil,Qatar,0.8681,0.1192,0.0128
Brazil,Saudi Arabia,0.8392,0.142,0.0188
Brazil,Scotland,0.8571,0.128,0.0149
Brazil,Senegal,0.2167,0.3483,0.435
Brazil,South Africa,0.8325,0.1472,0.0203
Brazil,South Korea,0.8052,0.1675,0.0272
Brazil,Spain,0.4254,0.35,0.2246
Brazil,Sweden,0.5565,0.3093,0.1343
Brazil,Switzerland,0.5,0.33,0.17
Brazil,Tunisia,0.8575,0.1276,0.0148
Brazil,Turkey,0.8177,0.1584,0.0239
Brazil,United States,0.4802,0.3362,0.1836
Brazil,Uruguay,0.7326,0.2173,0.0502
Brazil,Uzbekistan,0.8705,0.1172,0.0123
Cabo Verde,Algeria,0.2249,0.35,0.4251
Cabo Verde,Argentina,0.0148,0.1278,0.8574
Cabo Verde,Australia,0.4674,0.34,0.1926
Cabo Verde,Austria,0.3003,0.3612,0.3385
Cabo Verde,Belgium,0.0416,0.2015,0.7569
Cabo Verde,Bosnia and Herzegovina,0.3689,0.3587,0.2724
Cabo Verde,Brazil,0.0596,0.2328,0.7075
Cabo Verde,Canada,0.1555,0.3227,0.5218
Cabo Verde,Colombia,0.3206,0.3616,0.3178
Cabo Verde,Congo DR,0.3691,0.3591,0.2718
Cabo Verde,Croatia,0.1816,0.3351,0.4833
Cabo Verde,Curacao,0.6219,0.28,0.0981
Cabo Verde,Czechia,0.5681,0.3047,0.1271
Cabo Verde,Ecuador,0.4847,0.3347,0.1805
Cabo Verde,Egypt,0.2258,0.3505,0.4237
Cabo Verde,England,0.0493,0.2158,0.7349
Cabo Verde,France,0.0159,0.1318,0.8523
Cabo Verde,Germany,0.02,0.1465,0.8334
Cabo Verde,Ghana,0.6492,0.266,0.0848
Cabo Verde,Haiti,0.548,0.3129,0.1391
Cabo Verde,Iran,0.4729,0.3385,0.1886
Cabo Verde,Iraq,0.7117,0.2304,0.058
Cabo Verde,Japan,0.1652,0.3277,0.5071
Cabo Verde,Jordan,0.4356,0.3478,0.2165
Cabo Verde,Mexico,0.1202,0.2995,0.5803
Cabo Verde,Morocco,0.078,0.2579,0.664
Cabo Verde,Netherlands,0.0295,0.1736,0.7969
Cabo Verde,New Zealand,0.2148,0.3471,0.4381
Cabo Verde,Norway,0.0536,0.2228,0.7236
Cabo Verde,Panama,0.7326,0.2172,0.0502
Cabo Verde,Paraguay,0.7229,0.2234,0.0537
Cabo Verde,Portugal,0.161,0.3259,0.5131
Cabo Verde,Qatar,0.607,0.2871,0.1059
Cabo Verde,Saudi Arabia,0.5409,0.3154,0.1437
Cabo Verde,Scotland,0.5813,0.299,0.1197
Cabo Verde,Senegal,0.0329,0.1824,0.7846
Cabo Verde,South Africa,0.5267,0.3209,0.1523
Cabo Verde,South Korea,0.4722,0.3384,0.1894
Cabo Verde,Spain,0.099,0.2807,0.6202
Cabo Verde,Sweden,0.1731,0.3314,0.4955
Cabo Verde,Switzerland,0.1368,0.3111,0.552
Cabo Verde,Tunisia,0.5821,0.2985,0.1194
Cabo Verde,Turkey,0.4964,0.3313,0.1723
Cabo Verde,United States,0.1258,0.3035,0.5707
Cabo Verde,Uruguay,0.3528,0.3605,0.2867
Cabo Verde,Uzbekistan,0.613,0.2842,0.1028
Canada,Algeria,0.4143,0.3522,0.2335
Canada,Argentina,0.0436,0.2051,0.7513
Canada,Australia,0.6578,0.2614,0.0808
Canada,Austria,0.5017,0.3297,0.1686
Canada,Belgium,0.1103,0.2916,0.598
Canada,Bosnia and Herzegovina,0.571,0.3033,0.1257
Canada,Brazil,0.1499,0.3198,0.5303
Canada,Cabo Verde,0.5216,0.3229,0.1555
Canada,Colombia,0.5231,0.3223,0.1546
Canada,Congo DR,0.5711,0.3035,0.1254
Canada,Croatia,0.3569,0.3599,0.2832
Canada,Curacao,0.7734,0.1902,0.0364
Canada,Czechia,0.7355,0.2155,0.0491
Canada,Ecuador,0.6719,0.2535,0.0746
Canada,Egypt,0.4153,0.3523,0.2324
Canada,England,0.1276,0.3052,0.5672
Canada,France,0.0464,0.2106,0.743
Canada,Germany,0.0575,0.2296,0.7129
Canada,Ghana,0.7919,0.1773,0.0308
Canada,Haiti,0.7206,0.2248,0.0545
Canada,Iran,0.6623,0.259,0.0787
Canada,Iraq,0.8326,0.1472,0.0202
Canada,Japan,0.3335,0.3614,0.3052
Canada,Jordan,0.6312,0.2753,0.0935
Canada,Mexico,0.2631,0.3581,0.3788
Canada,Morocco,0.1872,0.338,0.4749
Canada,Netherlands,0.0815,0.262,0.6565
Canada,New Zealand,0.4015,0.3544,0.2441
Canada,Norway,0.137,0.3113,0.5517
Canada,Panama,0.8457,0.137,0.0173
Canada,Paraguay,0.8397,0.1417,0.0186
Canada,Portugal,0.3272,0.3618,0.311
Canada,Qatar,0.7631,0.1971,0.0397
Canada,Saudi Arabia,0.7154,0.2279,0.0567
Canada,Scotland,0.7449,0.2093,0.0458
Canada,Senegal,0.0899,0.2719,0.6382
Canada,South Africa,0.7047,0.2345,0.0608
Canada,South Korea,0.6618,0.2591,0.0791
Canada,Spain,0.2265,0.3507,0.4228
Canada,Sweden,0.3449,0.3607,0.2944
Canada,Switzerland,0.2903,0.3605,0.3491
Canada,Tunisia,0.7456,0.2088,0.0456
Canada,Turkey,0.6812,0.2484,0.0705
Canada,United States,0.2725,0.359,0.3685
Canada,Uruguay,0.5554,0.31,0.1346
Canada,Uzbekistan,0.7673,0.1944,0.0384
Colombia,Algeria,0.2237,0.3498,0.4265
Colombia,Argentina,0.0147,0.1273,0.858
Colombia,Australia,0.4658,0.3405,0.1937
Colombia,Austria,0.2989,0.3612,0.3399
Colombia,Belgium,0.0413,0.2009,0.7578
Colombia,Bosnia and Herzegovina,0.3674,0.359,0.2736
Colombia,Brazil,0.0592,0.2322,0.7086
Colombia,Cabo Verde,0.3177,0.3618,0.3206
Colombia,Canada,0.1546,0.3223,0.5232
Colombia,Congo DR,0.3676,0.3593,0.273
Colombia,Croatia,0.1805,0.3348,0.4847
Colombia,Curacao,0.6205,0.2808,0.0988
Colombia,Czechia,0.5667,0.3054,0.1279
Colombia,Ecuador,0.4832,0.3353,0.1816
Colombia,Egypt,0.2245,0.3503,0.4252
Colombia,England,0.0489,0.2152,0.7359
Colombia,France,0.0157,0.1314,0.8529
Colombia,Germany,0.0199,0.146,0.8341
Colombia,Ghana,0.6479,0.2668,0.0854
Colombia,Haiti,0.5465,0.3136,0.1399
Colombia,Iran,0.4714,0.339,0.1896
Colombia,Iraq,0.7105,0.2311,0.0584
Colombia,Japan,0.1642,0.3273,0.5085
Colombia,Jordan,0.4341,0.3482,0.2177
Colombia,Mexico,0.1194,0.2989,0.5817
Colombia,Morocco,0.0775,0.2573,0.6652
Colombia,Netherlands,0.0293,0.173,0.7977
Colombia,New Zealand,0.2136,0.3469,0.4395
Colombia,Norway,0.0532,0.2222,0.7246
Colombia,Panama,0.7315,0.2179,0.0506
Colombia,Paraguay,0.7218,0.2241,0.0541
Colombia,Portugal,0.16,0.3254,0.5145
Colombia,Qatar,0.6056,0.2878,0.1066
Colombia,Saudi Arabia,0.5394,0.316,0.1446
Colombia,Scotland,0.5798,0.2997,0.1205
Colombia,Senegal,0.0327,0.1819,0.7854
Colombia,South Africa,0.5252,0.3215,0.1532
Colombia,South Korea,0.4706,0.3389,0.1904
Colombia,Spain,0.0984,0.2802,0.6215
Colombia,Sweden,0.1721,0.331,0.4969
Colombia,Switzerland,0.136,0.3106,0.5534
Colombia,Tunisia,0.5807,0.2991,0.1202
Colombia,Turkey,0.4949,0.3319,0.1733
Colombia,United States,0.125,0.303,0.572
Colombia,Uruguay,0.3513,0.3606,0.288
Colombia,Uzbekistan,0.6116,0.285,0.1035
Congo DR,Algeria,0.1858,0.337,0.4772
Congo DR,Argentina,0.0112,0.112,0.8768
Congo DR,Australia,0.4154,0.352,0.2326
Congo DR,Austria,0.2543,0.3564,0.3894
Congo DR,Belgium,0.0319,0.1799,0.7882
Congo DR,Bosnia and Herzegovina,0.3189,0.3613,0.3198
Congo DR,Brazil,0.0462,0.21,0.7439
Congo DR,Cabo Verde,0.2718,0.3589,0.3693
Congo DR,Canada,0.1254,0.3031,0.5715
Congo DR,Colombia,0.2731,0.359,0.3679
Congo DR,Croatia,0.1478,0.3178,0.5344
Congo DR,Curacao,0.575,0.3017,0.1233
Congo DR,Czechia,0.5184,0.324,0.1576
Congo DR,Ecuador,0.4328,0.3482,0.219
Congo DR,Egypt,0.1866,0.3376,0.4758
Congo DR,England,0.038,0.1935,0.7685
Congo DR,France,0.012,0.1157,0.8723
Congo DR,Germany,0.0151,0.129,0.8558
Congo DR,Ghana,0.6042,0.2885,0.1073
Congo DR,Haiti,0.4974,0.331,0.1716
Congo DR,Iran,0.4209,0.3511,0.228
Congo DR,Iraq,0.6721,0.2535,0.0744
Congo DR,Japan,0.1337,0.3089,0.5574
Congo DR,Jordan,0.3838,0.357,0.2592
Congo DR,Mexico,0.0956,0.2775,0.627
Congo DR,Morocco,0.0609,0.2347,0.7044
Congo DR,Netherlands,0.0224,0.1538,0.8237
Congo DR,New Zealand,0.1769,0.333,0.4901
Congo DR,Norway,0.0413,0.2003,0.7584
Congo DR,Panama,0.6951,0.2401,0.0647
Congo DR,Paraguay,0.6844,0.2464,0.0691
Congo DR,Portugal,0.1301,0.3067,0.5632
Congo DR,Qatar,0.5592,0.3082,0.1326
Congo DR,Saudi Arabia,0.4901,0.333,0.1769
Congo DR,Scotland,0.5321,0.3189,0.1489
Congo DR,Senegal,0.0251,0.1621,0.8128
Congo DR,South Africa,0.4756,0.3376,0.1869
Congo DR,South Korea,0.4202,0.3509,0.229
Congo DR,Spain,0.0781,0.2578,0.6641
Congo DR,Sweden,0.1405,0.3133,0.5462
Congo DR,Switzerland,0.1095,0.2902,0.6003
Congo DR,Tunisia,0.533,0.3184,0.1486
Congo DR,Turkey,0.4446,0.3458,0.2096
Congo DR,United States,0.1003,0.2818,0.6179
Congo DR,Uruguay,0.3035,0.3613,0.3351
Congo DR,Uzbekistan,0.5656,0.3056,0.1289
Croatia,Algeria,0.3751,0.3585,0.2664
Croatia,Argentina,0.0357,0.1888,0.7755
Croatia,Australia,0.6244,0.2789,0.0967
Croatia,Austria,0.4625,0.3416,0.1959
Croatia,Belgium,0.0926,0.275,0.6324
Croatia,Bosnia and Herzegovina,0.5334,0.3186,0.148
Croatia,Brazil,0.1273,0.3052,0.5675
Croatia,Cabo Verde,0.4826,0.3359,0.1814
Croatia,Canada,0.2829,0.3604,0.3567
Croatia,Colombia,0.4842,0.3354,0.1804
Croatia,Congo DR,0.5336,0.3188,0.1476
Croatia,Curacao,0.7486,0.207,0.0444
Croatia,Czechia,0.7075,0.233,0.0595
Croatia,Ecuador,0.6394,0.2711,0.0895
Croatia,Egypt,0.3761,0.3586,0.2653
Croatia,England,0.1077,0.2893,0.603
Croatia,France,0.0381,0.1941,0.7679
Croatia,Germany,0.0473,0.2126,0.7401
Croatia,Ghana,0.7688,0.1935,0.0377
Croatia,Haiti,0.6915,0.2425,0.066
Croatia,Iran,0.6292,0.2765,0.0943
Croatia,Iraq,0.8134,0.1617,0.0249
Croatia,Japan,0.2966,0.3613,0.3421
Croatia,Jordan,0.5963,0.2923,0.1114
Croatia,Mexico,0.2302,0.3522,0.4177
Croatia,Morocco,0.1606,0.3259,0.5135
Croatia,Netherlands,0.0677,0.2447,0.6876
Croatia,New Zealand,0.3625,0.3597,0.2778
Croatia,Norway,0.1159,0.2959,0.5882
Croatia,Panama,0.8279,0.1508,0.0213
Croatia,Paraguay,0.8212,0.1558,0.0229
Croatia,Portugal,0.2906,0.3612,0.3481
Croatia,Qatar,0.7375,0.2142,0.0484
Croatia,Saudi Arabia,0.6859,0.2456,0.0685
Croatia,Scotland,0.7177,0.2267,0.0556
Croatia,Senegal,0.0749,0.2547,0.6704
Croatia,South Africa,0.6744,0.2523,0.0733
Croatia,South Korea,0.6286,0.2767,0.0948
Croatia,Spain,0.1963,0.3417,0.462
Croatia,Sweden,0.3075,0.3616,0.3309
Croatia,Switzerland,0.2556,0.3569,0.3875
Croatia,Tunisia,0.7184,0.2262,0.0554
Croatia,Turkey,0.6492,0.2661,0.0847
Croatia,United States,0.2389,0.3539,0.4072
Croatia,Uruguay,0.5174,0.3246,0.158
Croatia,Uzbekistan,0.742,0.2113,0.0468
Curacao,Algeria,0.0592,0.2318,0.709
Curacao,Argentina,0.0026,0.0557,0.9417
Curacao,Australia,0.1837,0.3363,0.48
Curacao,Austria,0.0895,0.271,0.6395
Curacao,Belgium,0.0078,0.0948,0.8974
Curacao,Bosnia and Herzegovina,0.123,0.3011,0.5758
Curacao,Brazil,0.0116,0.1142,0.8742
Curacao,Cabo Verde,0.0981,0.2799,0.622
Curacao,Canada,0.0364,0.19,0.7737
Curacao,Colombia,0.0988,0.2804,0.6208
Curacao,Congo DR,0.1232,0.3017,0.5751
Curacao,Croatia,0.0444,0.2063,0.7493
Curacao,Czechia,0.2653,0.3582,0.3765
Curacao,Ecuador,0.1961,0.3408,0.4631
Curacao,Egypt,0.0595,0.2325,0.708
Curacao,England,0.0094,0.1034,0.8872
Curacao,France,0.0028,0.0577,0.9395
Curacao,Germany,0.0035,0.065,0.9315
Curacao,Ghana,0.3497,0.3607,0.2896
Curacao,Haiti,0.2471,0.3552,0.3977
Curacao,Iran,0.1877,0.3381,0.4743
Curacao,Iraq,0.429,0.3495,0.2215
Curacao,Japan,0.0393,0.1962,0.7645
Curacao,Jordan,0.1623,0.3262,0.5115
Curacao,Mexico,0.0264,0.1655,0.8081
Curacao,Morocco,0.0158,0.1315,0.8527
Curacao,Netherlands,0.0053,0.0792,0.9155
Curacao,New Zealand,0.0556,0.226,0.7184
Curacao,Norway,0.0103,0.10780000000000001,0.8819
Curacao,Panama,0.4585,0.3422,0.1993
Curacao,Paraguay,0.4446,0.3458,0.2096
Curacao,Portugal,0.038,0.1937,0.7683
Curacao,Qatar,0.3033,0.3611,0.3356
Curacao,Saudi Arabia,0.2409,0.3535,0.4057
Curacao,Scotland,0.2777,0.3596,0.3627
Curacao,Senegal,0.006,0.084,0.91
Curacao,South Africa,0.229,0.3511,0.4199
Curacao,South Korea,0.187,0.3374,0.4756
Curacao,Spain,0.0209,0.1492,0.8299
Curacao,Sweden,0.0417,0.2011,0.7572
Curacao,Switzerland,0.031,0.1772,0.7918
Curacao,Tunisia,0.2785,0.3594,0.3622
Curacao,Turkey,0.2049,0.3442,0.4509
Curacao,United States,0.0279,0.1695,0.8026
Curacao,Uruguay,0.1146,0.2948,0.5906
Curacao,Uzbekistan,0.3096,0.3613,0.3291
Czechia,Algeria,0.0785,0.2582,0.6633
Czechia,Argentina,0.0036,0.0656,0.9308
Czechia,Australia,0.2284,0.351,0.4207
Czechia,Austria,0.1166,0.2963,0.5872
Czechia,Belgium,0.0108,0.1106,0.8786
Czechia,Bosnia and Herzegovina,0.1574,0.3234,0.5192
Czechia,Brazil,0.0161,0.1325,0.8515
Czechia,Cabo Verde,0.1271,0.3045,0.5684
Czechia,Canada,0.0491,0.2152,0.7358
Czechia,Colombia,0.128,0.305,0.567
Czechia,Congo DR,0.1576,0.3239,0.5185
Czechia,Croatia,0.0595,0.2322,0.7082
Czechia,Curacao,0.3764,0.3582,0.2654
Czechia,Ecuador,0.2425,0.3538,0.4037
Czechia,Egypt,0.0789,0.259,0.6621
Czechia,England,0.013,0.1203,0.8667
Czechia,France,0.0039,0.0679,0.9282
Czechia,Germany,0.0049,0.0764,0.9187
Czechia,Ghana,0.4082,0.3535,0.2383
Czechia,Haiti,0.2993,0.3612,0.3395
Czechia,Iran,0.2329,0.3522,0.4149
Czechia,Iraq,0.4883,0.334,0.1777
Czechia,Japan,0.0529,0.2217,0.7254
Czechia,Jordan,0.2037,0.3437,0.4526
Czechia,Mexico,0.0359,0.1891,0.775
Czechia,Morocco,0.0217,0.1518,0.8265
Czechia,Netherlands,0.0075,0.0927,0.8999
Czechia,New Zealand,0.0739,0.2524,0.6737
Czechia,Norway,0.0143,0.1253,0.8605
Czechia,Panama,0.5173,0.3242,0.1585
Czechia,Paraguay,0.5037,0.3289,0.1674
Czechia,Portugal,0.0512,0.2191,0.7297
Czechia,Qatar,0.3598,0.3596,0.2807
Czechia,Saudi Arabia,0.2924,0.3603,0.3472
Czechia,Scotland,0.3325,0.3614,0.3061
Czechia,Senegal,0.0084,0.0982,0.8934
Czechia,South Africa,0.2793,0.3596,0.3611
Czechia,South Korea,0.2322,0.3516,0.4162
Czechia,Spain,0.0286,0.1713,0.8002
Czechia,Sweden,0.0561,0.2268,0.7171
Czechia,Switzerland,0.042,0.2016,0.7565
Czechia,Tunisia,0.3333,0.3611,0.3056
Czechia,Turkey,0.2524,0.356,0.3915
Czechia,United States,0.0379,0.1933,0.7688
Czechia,Uruguay,0.1472,0.3179,0.5348
Czechia,Uzbekistan,0.3664,0.359,0.2746
Ecuador,Algeria,0.1159,0.296,0.5881
Ecuador,Argentina,0.0059,0.083,0.9112
Ecuador,Australia,0.303,0.3617,0.3353
Ecuador,Austria,0.1666,0.329,0.5044
Ecuador,Belgium,0.0173,0.1375,0.8452
Ecuador,Bosnia and Herzegovina,0.2184,0.3486,0.433
Ecuador,Brazil,0.0255,0.1632,0.8113
Ecuador,Cabo Verde,0.1803,0.3354,0.4843
Ecuador,Canada,0.0745,0.2539,0.6716
Ecuador,Colombia,0.1814,0.3358,0.4829
Ecuador,Congo DR,0.2186,0.3491,0.4323
Ecuador,Croatia,0.0895,0.2711,0.6395
Ecuador,Curacao,0.4624,0.3417,0.1959
Ecuador,Czechia,0.403,0.3548,0.2422
Ecuador,Egypt,0.1164,0.2967,0.5869
Ecuador,England,0.0207,0.149,0.8302
Ecuador,France,0.0063,0.0858,0.9079
Ecuador,Germany,0.008,0.0962,0.8957
Ecuador,Ghana,0.4942,0.3324,0.1734
Ecuador,Haiti,0.3818,0.3579,0.2603
Ecuador,Iran,0.3081,0.362,0.3299
Ecuador,Iraq,0.5714,0.3036,0.125
Ecuador,Japan,0.08,0.2605,0.6595
Ecuador,Jordan,0.2743,0.3595,0.3662
Ecuador,Mexico,0.0554,0.2265,0.7181
Ecuador,Morocco,0.0342,0.1853,0.7805
Ecuador,Netherlands,0.012,0.1161,0.8719
Ecuador,New Zealand,0.1095,0.2906,0.5999
Ecuador,Norway,0.0227,0.1548,0.8225
Ecuador,Panama,0.5985,0.2913,0.1102
Ecuador,Paraguay,0.5859,0.2971,0.117
Ecuador,Portugal,0.0776,0.2579,0.6645
Ecuador,Qatar,0.4454,0.3458,0.2088
Ecuador,Saudi Arabia,0.3745,0.3584,0.2672
Ecuador,Scotland,0.4171,0.3522,0.2307
Ecuador,Senegal,0.0135,0.1228,0.8637
Ecuador,South Africa,0.3601,0.3601,0.2797
Ecuador,South Korea,0.3074,0.3616,0.3311
Ecuador,Spain,0.0445,0.2071,0.7484
Ecuador,Sweden,0.0845,0.2657,0.6498
Ecuador,Switzerland,0.0643,0.2398,0.696
Ecuador,Tunisia,0.418,0.3518,0.2303
Ecuador,Turkey,0.3303,0.3619,0.3078
Ecuador,United States,0.0583,0.231,0.7107
Ecuador,Uruguay,0.2058,0.3451,0.4491
Ecuador,Uzbekistan,0.4522,0.3442,0.2036
Egypt,Algeria,0.3182,0.3614,0.3204
Egypt,Argentina,0.0262,0.1651,0.8087
Egypt,Australia,0.5712,0.3033,0.1255
Egypt,Austria,0.4034,0.3542,0.2423
Egypt,Belgium,0.0703,0.2484,0.6813
Egypt,Bosnia and Herzegovina,0.4754,0.3375,0.187
Egypt,Brazil,0.0983,0.2802,0.6215
Egypt,Cabo Verde,0.4237,0.3505,0.2258
Egypt,Canada,0.2324,0.352,0.4155
Egypt,Colombia,0.4252,0.3501,0.2247
Egypt,Congo DR,0.4756,0.3377,0.1866
Egypt,Croatia,0.2656,0.3578,0.3766
Egypt,Curacao,0.7078,0.2327,0.0595
Egypt,Czechia,0.6619,0.2592,0.0789
Egypt,Ecuador,0.5874,0.2961,0.1166
Egypt,England,0.0824,0.2632,0.6544
Egypt,France,0.028,0.1699,0.802
Egypt,Germany,0.0351,0.1873,0.7776
Egypt,Ghana,0.7306,0.2186,0.0509
Egypt,Haiti,0.6443,0.2686,0.0871
Egypt,Iran,0.5764,0.3012,0.1225
Egypt,Iraq,0.7814,0.1847,0.0339
Egypt,Japan,0.2449,0.3546,0.4005
Egypt,Jordan,0.5412,0.3154,0.1434
Egypt,Mexico,0.1855,0.3373,0.4772
Egypt,Morocco,0.1258,0.3036,0.5706
Egypt,Netherlands,0.0508,0.2181,0.7311
Egypt,New Zealand,0.3061,0.3611,0.3327
Egypt,Norway,0.089,0.2703,0.6407
Egypt,Panama,0.7981,0.1727,0.0292
Egypt,Paraguay,0.7904,0.1783,0.0313
Egypt,Portugal,0.2395,0.3538,0.4067
Egypt,Qatar,0.6953,0.24,0.0647
Egypt,Saudi Arabia,0.6381,0.2716,0.0903
Egypt,Scotland,0.6733,0.2528,0.0739
Egypt,Senegal,0.0564,0.2279,0.7157
Egypt,South Africa,0.6254,0.2782,0.0964
Egypt,South Korea,0.5757,0.3012,0.1231
Egypt,Spain,0.1561,0.323,0.5209
Egypt,Sweden,0.2549,0.3563,0.3888
Egypt,Switzerland,0.2079,0.3451,0.447
Egypt,Tunisia,0.674,0.2523,0.0737
Egypt,Turkey,0.598,0.2914,0.1106
Egypt,United States,0.1931,0.3401,0.4668
Egypt,Uruguay,0.459,0.3423,0.1988
Egypt,Uzbekistan,0.7004,0.2371,0.0626
England,Algeria,0.6537,0.2634,0.0829
England,Argentina,0.1406,0.3137,0.5456
England,Australia,0.8224,0.1549,0.0227
England,Austria,0.7209,0.2246,0.0545
England,Belgium,0.2879,0.3608,0.3513
England,Bosnia and Herzegovina,0.7684,0.1935,0.0381
England,Brazil,0.3562,0.3602,0.2836
England,Cabo Verde,0.735,0.2157,0.0493
England,Canada,0.5674,0.3049,0.1277
England,Colombia,0.736,0.215,0.049
England,Congo DR,0.7685,0.1936,0.038
England,Croatia,0.6037,0.2885,0.10780000000000001
England,Curacao,0.8872,0.1035,0.0094
England,Czechia,0.8666,0.1204,0.013
England,Ecuador,0.8307,0.1485,0.0208
England,Egypt,0.6544,0.2631,0.0824
England,France,0.1481,0.3184,0.5335
England,Germany,0.1759,0.3331,0.491
England,Ghana,0.8969,0.0952,0.0079
England,Haiti,0.8584,0.127,0.0146
England,Iran,0.825,0.1529,0.0221
England,Iraq,0.918,0.077,0.005
England,Japan,0.5815,0.2987,0.1198
England,Jordan,0.8064,0.1667,0.0269
England,Mexico,0.5078,0.3276,0.1645
England,Morocco,0.412,0.3527,0.2353
England,Netherlands,0.2306,0.3513,0.4181
England,New Zealand,0.6429,0.2691,0.088
England,Norway,0.3352,0.361,0.3038
England,Panama,0.9247,0.071,0.0043
England,Paraguay,0.9216,0.0738,0.0046
England,Portugal,0.5754,0.3016,0.1231
England,Qatar,0.8817,0.108,0.0103
England,Saudi Arabia,0.8556,0.1292,0.0153
England,Scotland,0.8718,0.1161,0.0121
England,Senegal,0.248,0.3557,0.3964
England,South Africa,0.8495,0.134,0.0165
England,South Korea,0.8247,0.15310000000000001,0.0222
England,Spain,0.4642,0.3407,0.1951
England,Sweden,0.5924,0.2937,0.1138
England,Switzerland,0.5378,0.3166,0.1456
England,Tunisia,0.8722,0.1158,0.012
England,Turkey,0.836,0.1445,0.0195
England,United States,0.5184,0.3238,0.1578
England,Uruguay,0.7581,0.2006,0.0413
England,Uzbekistan,0.8839,0.1061,0.0099
France,Algeria,0.8016,0.1702,0.0282
France,Argentina,0.3074,0.3615,0.3311
France,Australia,0.9034,0.0897,0.0069
France,Austria,0.8438,0.1385,0.0177
France,Belgium,0.5003,0.3303,0.1694
France,Bosnia and Herzegovina,0.8723,0.1158,0.012
France,Brazil,0.5702,0.3038,0.126
France,Cabo Verde,0.8523,0.1318,0.0159
France,Canada,0.7431,0.2104,0.0464
France,Colombia,0.853,0.1313,0.0158
France,Congo DR,0.8722,0.1158,0.012
France,Croatia,0.7684,0.1935,0.0381
France,Curacao,0.9395,0.0577,0.0028
France,Czechia,0.9282,0.0679,0.0039
France,Ecuador,0.9081,0.0856,0.0063
France,Egypt,0.802,0.1699,0.028
France,England,0.5334,0.3186,0.1481
France,Germany,0.3606,0.3599,0.2795
France,Ghana,0.9449,0.0528,0.0023
France,Haiti,0.9237,0.072,0.0044
France,Iran,0.9049,0.0884,0.0067
France,Iraq,0.9563,0.0422,0.0015
France,Japan,0.7531,0.2039,0.0431
France,Jordan,0.8943,0.0974,0.0083
France,Mexico,0.6993,0.2378,0.0629
France,Morocco,0.6213,0.2802,0.0985
France,Netherlands,0.4336,0.3482,0.2182
France,New Zealand,0.7946,0.1752,0.0302
France,Norway,0.5497,0.312,0.1383
France,Panama,0.9599,0.0388,0.0012
France,Paraguay,0.9583,0.0404,0.0013
France,Portugal,0.7487,0.2068,0.0445
France,Qatar,0.9365,0.0604,0.003
France,Saudi Arabia,0.9221,0.0734,0.0046
France,Scotland,0.9311,0.0654,0.0036
France,Senegal,0.4547,0.3436,0.2017
France,South Africa,0.9187,0.0764,0.0049
France,South Korea,0.9047,0.0885,0.0068
France,Spain,0.6651,0.2573,0.0776
France,Sweden,0.7607,0.1988,0.0406
France,Switzerland,0.7218,0.2239,0.0542
France,Tunisia,0.9313,0.0652,0.0036
France,Turkey,0.9111,0.083,0.0059
France,United States,0.7074,0.2329,0.0598
France,Uruguay,0.8661,0.1208,0.0131
France,Uzbekistan,0.9377,0.0593,0.0029
Germany,Algeria,0.7772,0.1874,0.0353
Germany,Argentina,0.2684,0.3584,0.3732
Germany,Australia,0.8908,0.1004,0.0088
Germany,Austria,0.8241,0.1536,0.0223
Germany,Belgium,0.4573,0.3429,0.1998
Germany,Bosnia and Herzegovina,0.8558,0.129,0.0152
Germany,Brazil,0.529,0.3201,0.1509
Germany,Cabo Verde,0.8335,0.1464,0.02
Germany,Canada,0.7132,0.2293,0.0575
Germany,Colombia,0.8343,0.1458,0.0199
Germany,Congo DR,0.8558,0.129,0.0151
Germany,Croatia,0.7407,0.2119,0.0474
Germany,Curacao,0.9315,0.065,0.0035
Germany,Czechia,0.9187,0.0764,0.0049
Germany,Ecuador,0.8961,0.0959,0.008
Germany,Egypt,0.7778,0.1871,0.0351
Germany,England,0.491,0.333,0.176
Germany,France,0.2795,0.3597,0.3608
Germany,Ghana,0.9375,0.0595,0.0029
Germany,Haiti,0.9136,0.0809,0.0056
Germany,Iran,0.8925,0.099,0.0086
Germany,Iraq,0.9505,0.0477,0.0019
Germany,Japan,0.724,0.2226,0.0534
Germany,Jordan,0.8805,0.1089,0.0105
Germany,Mexico,0.6657,0.257,0.0773
Germany,Morocco,0.5825,0.2984,0.1192
Germany,Netherlands,0.3904,0.356,0.2536
Germany,New Zealand,0.7695,0.1927,0.0377
Germany,Norway,0.5078,0.3273,0.1649
Germany,Panama,0.9546,0.0439,0.0016
Germany,Paraguay,0.9527,0.0456,0.0017
Germany,Portugal,0.7193,0.2256,0.0551
Germany,Qatar,0.9281,0.068,0.0039
Germany,Saudi Arabia,0.9118,0.0824,0.0058
Germany,Scotland,0.9219,0.0735,0.0046
Germany,Senegal,0.4114,0.3531,0.2356
Germany,South Africa,0.908,0.0857,0.0063
Germany,South Korea,0.8923,0.0991,0.0086
Germany,Spain,0.629,0.2763,0.0947
Germany,Sweden,0.7323,0.2173,0.0504
Germany,Switzerland,0.69,0.2431,0.0669
Germany,Tunisia,0.9222,0.0733,0.0045
Germany,Turkey,0.8995,0.093,0.0075
Germany,United States,0.6744,0.2521,0.0735
Germany,Uruguay,0.849,0.1344,0.0166
Germany,Uzbekistan,0.9295,0.0668,0.0037
Ghana,Algeria,0.0506,0.2177,0.7318
Ghana,Argentina,0.0021,0.051,0.9469
Ghana,Australia,0.1622,0.3262,0.5117
Ghana,Austria,0.0772,0.2568,0.666
Ghana,Belgium,0.0065,0.0872,0.9063
Ghana,Bosnia and Herzegovina,0.107,0.2879,0.605
Ghana,Brazil,0.0097,0.1052,0.885
Ghana,Cabo Verde,0.0848,0.2658,0.6494
Ghana,Canada,0.0308,0.177,0.7922
Ghana,Colombia,0.0854,0.2664,0.6482
Ghana,Congo DR,0.1072,0.2885,0.6043
Ghana,Croatia,0.0378,0.1928,0.7695
Ghana,Curacao,0.2896,0.3607,0.3498
Ghana,Czechia,0.2383,0.3535,0.4083
Ghana,Ecuador,0.1736,0.3315,0.4949
Ghana,Egypt,0.0509,0.2184,0.7308
Ghana,England,0.0079,0.0952,0.897
Ghana,France,0.0023,0.0528,0.9449
Ghana,Germany,0.0029,0.0595,0.9375
Ghana,Haiti,0.2211,0.3492,0.4297
Ghana,Iran,0.1658,0.3282,0.506
Ghana,Iraq,0.397,0.3554,0.2475
Ghana,Japan,0.0334,0.183,0.7837
Ghana,Jordan,0.1426,0.3148,0.5426
Ghana,Mexico,0.0223,0.1536,0.8241
Ghana,Morocco,0.0133,0.1214,0.8653
Ghana,Netherlands,0.0045,0.0726,0.9229
Ghana,New Zealand,0.0474,0.212,0.7406
Ghana,Norway,0.0086,0.0992,0.8921
Ghana,Panama,0.4265,0.3497,0.2238
Ghana,Paraguay,0.4126,0.3526,0.2348
Ghana,Portugal,0.0323,0.1806,0.7872
Ghana,Qatar,0.2744,0.3589,0.3667
Ghana,Saudi Arabia,0.2152,0.3471,0.4377
Ghana,Scotland,0.25,0.3557,0.3943
Ghana,Senegal,0.005,0.0771,0.9179
Ghana,South Africa,0.2041,0.3439,0.4519
Ghana,South Korea,0.1652,0.3275,0.5073
Ghana,Spain,0.0176,0.1381,0.8443
Ghana,Sweden,0.0354,0.1877,0.7768
Ghana,Switzerland,0.0262,0.1647,0.8091
Ghana,Tunisia,0.2507,0.3555,0.3938
Ghana,Turkey,0.1817,0.3355,0.4828
Ghana,United States,0.0236,0.1574,0.8191
Ghana,Uruguay,0.0995,0.2812,0.6192
Ghana,Uzbekistan,0.2804,0.3596,0.36
Haiti,Algeria,0.0867,0.2677,0.6456
Haiti,Argentina,0.0041,0.0695,0.9264
Haiti,Australia,0.2458,0.3549,0.3993
Haiti,Austria,0.1277,0.3049,0.5673
Haiti,Belgium,0.0122,0.1168,0.8711
Haiti,Bosnia and Herzegovina,0.1713,0.3305,0.4982
Haiti,Brazil,0.018,0.1396,0.8424
Haiti,Cabo Verde,0.1391,0.3128,0.5481
Haiti,Canada,0.0545,0.2246,0.7209
Haiti,Colombia,0.14,0.3133,0.5467
Haiti,Congo DR,0.1715,0.3311,0.4975
Haiti,Croatia,0.066,0.2418,0.6922
Haiti,Curacao,0.3975,0.3553,0.2471
Haiti,Czechia,0.3394,0.3613,0.2993
Haiti,Ecuador,0.2605,0.3571,0.3824
Haiti,Egypt,0.0871,0.2685,0.6444
Haiti,England,0.0146,0.127,0.8584
Haiti,France,0.0044,0.072,0.9237
Haiti,Germany,0.0056,0.0809,0.9135
Haiti,Ghana,0.4295,0.3493,0.2211
Haiti,Iran,0.2505,0.3559,0.3936
Haiti,Iraq,0.5093,0.3272,0.1634
Haiti,Japan,0.0587,0.2312,0.7101
Haiti,Jordan,0.2201,0.3488,0.4311
Haiti,Mexico,0.0401,0.198,0.7619
Haiti,Morocco,0.0243,0.1597,0.816
Haiti,Netherlands,0.0084,0.098,0.8936
Haiti,New Zealand,0.0817,0.262,0.6564
Haiti,Norway,0.016,0.1321,0.8519
Haiti,Panama,0.538,0.3166,0.1453
Haiti,Paraguay,0.5246,0.3217,0.1537
Haiti,Portugal,0.0569,0.2286,0.7145
Haiti,Qatar,0.3808,0.3574,0.2619
Haiti,Saudi Arabia,0.3121,0.3612,0.3267
Haiti,Scotland,0.353,0.3604,0.2865
Haiti,Senegal,0.0094,0.1038,0.8867
Haiti,South Africa,0.2986,0.3611,0.3403
Haiti,South Korea,0.2498,0.3553,0.3948
Haiti,Spain,0.0319,0.1797,0.7883
Haiti,Sweden,0.0622,0.2363,0.7015
Haiti,Switzerland,0.0467,0.2108,0.7425
Haiti,Tunisia,0.3539,0.3601,0.2861
Haiti,Turkey,0.2708,0.3588,0.3704
Haiti,United States,0.0423,0.2023,0.7554
Haiti,Uruguay,0.1605,0.3255,0.514
Haiti,Uzbekistan,0.3874,0.3566,0.256
Iran,Algeria,0.1219,0.3003,0.5778
Iran,Argentina,0.0063,0.0854,0.9083
Iran,Australia,0.3139,0.3615,0.3246
Iran,Austria,0.1744,0.3323,0.4933
Iran,Belgium,0.0184,0.1412,0.8404
Iran,Bosnia and Herzegovina,0.2277,0.3506,0.4217
Iran,Brazil,0.0271,0.1673,0.8056
Iran,Cabo Verde,0.1885,0.3384,0.4731
Iran,Canada,0.0787,0.2587,0.6626
Iran,Colombia,0.1896,0.3387,0.4717
Iran,Congo DR,0.2279,0.3511,0.421
Iran,Croatia,0.0943,0.2757,0.6299
Iran,Curacao,0.4742,0.3381,0.1877
Iran,Czechia,0.4148,0.3523,0.2329
Iran,Ecuador,0.3303,0.3611,0.3086
Iran,Egypt,0.1224,0.301,0.5765
Iran,England,0.0221,0.1529,0.825
Iran,France,0.0067,0.0883,0.9049
Iran,Germany,0.0086,0.099,0.8924
Iran,Ghana,0.5059,0.3283,0.1658
Iran,Haiti,0.3935,0.3559,0.2506
Iran,Iraq,0.5824,0.2986,0.119
Iran,Japan,0.0844,0.2653,0.6503
Iran,Jordan,0.2848,0.3601,0.3551
Iran,Mexico,0.0586,0.2313,0.7101
Iran,Morocco,0.0363,0.1898,0.774
Iran,Netherlands,0.0128,0.1193,0.8679
Iran,New Zealand,0.1153,0.295,0.5898
Iran,Norway,0.0241,0.1588,0.8171
Iran,Panama,0.6092,0.286,0.1048
Iran,Paraguay,0.5967,0.292,0.1113
Iran,Portugal,0.082,0.2627,0.6554
Iran,Qatar,0.4573,0.3425,0.2002
Iran,Saudi Arabia,0.3861,0.3565,0.2574
Iran,Scotland,0.4289,0.3494,0.2217
Iran,Senegal,0.0144,0.1261,0.8595
Iran,South Africa,0.3717,0.3586,0.2697
Iran,South Korea,0.3183,0.3613,0.3204
Iran,Spain,0.0472,0.2117,0.7411
Iran,Sweden,0.0892,0.2704,0.6404
Iran,Switzerland,0.0679,0.2446,0.6875
Iran,Tunisia,0.4298,0.349,0.2212
Iran,Turkey,0.3416,0.361,0.2974
Iran,United States,0.0617,0.2358,0.7025
Iran,Uruguay,0.2147,0.3474,0.4378
Iran,Uzbekistan,0.464,0.3407,0.1952
Iraq,Algeria,0.0337,0.1837,0.7826
Iraq,Argentina,0.0013,0.0407,0.958
Iraq,Australia,0.1162,0.2958,0.588
Iraq,Austria,0.0525,0.221,0.7265
Iraq,Belgium,0.0041,0.0702,0.9256
Iraq,Bosnia and Herzegovina,0.0742,0.2527,0.673
Iraq,Brazil,0.0062,0.0852,0.9085
Iraq,Cabo Verde,0.058,0.23,0.712
Iraq,Canada,0.0202,0.1469,0.8329
Iraq,Colombia,0.0584,0.2306,0.711
Iraq,Congo DR,0.0744,0.2533,0.6724
Iraq,Croatia,0.0249,0.161,0.8141
Iraq,Curacao,0.2215,0.3493,0.4292
Iraq,Czechia,0.1777,0.3338,0.4885
Iraq,Ecuador,0.1251,0.3025,0.5724
Iraq,Egypt,0.0339,0.1843,0.7817
Iraq,England,0.005,0.0769,0.9181
Iraq,France,0.0015,0.0422,0.9564
Iraq,Germany,0.0019,0.0476,0.9505
Iraq,Ghana,0.2476,0.3552,0.3972
Iraq,Haiti,0.1635,0.3269,0.5097
Iraq,Iran,0.119,0.2982,0.5827
Iraq,Japan,0.0219,0.1522,0.8259
Iraq,Jordan,0.101,0.2824,0.6166
Iraq,Mexico,0.0145,0.1264,0.8591
Iraq,Morocco,0.0085,0.0988,0.8926
Iraq,Netherlands,0.0028,0.0583,0.9389
Iraq,New Zealand,0.0315,0.1785,0.79
Iraq,Norway,0.0055,0.0803,0.9142
Iraq,Panama,0.3472,0.3605,0.2923
Iraq,Paraguay,0.3339,0.3612,0.3049
Iraq,Portugal,0.0212,0.15,0.8288
Iraq,Qatar,0.2083,0.345,0.4466
Iraq,Saudi Arabia,0.1586,0.3238,0.5176
Iraq,Scotland,0.1876,0.3378,0.4746
Iraq,Senegal,0.0032,0.062,0.9348
Iraq,South Africa,0.1496,0.3191,0.5313
Iraq,South Korea,0.1185,0.2975,0.584
Iraq,Spain,0.0114,0.113,0.8756
Iraq,Sweden,0.0233,0.1564,0.8203
Iraq,Switzerland,0.0171,0.1361,0.8468
Iraq,Tunisia,0.1881,0.3378,0.4741
Iraq,Turkey,0.1316,0.3075,0.5609
Iraq,United States,0.0153,0.1296,0.855
Iraq,Uruguay,0.0687,0.2457,0.6856
Iraq,Uzbekistan,0.2135,0.3467,0.4398
Japan,Algeria,0.3992,0.3549,0.2459
Japan,Argentina,0.0404,0.1988,0.7608
Japan,Australia,0.6452,0.2681,0.0867
Japan,Austria,0.4867,0.3345,0.1788
Japan,Belgium,0.1032,0.2854,0.6114
Japan,Bosnia and Herzegovina,0.5567,0.3093,0.1339
Japan,Brazil,0.1409,0.3143,0.5448
Japan,Cabo Verde,0.5067,0.3281,0.1652
Japan,Canada,0.305,0.3616,0.3334
Japan,Colombia,0.5082,0.3276,0.1642
Japan,Congo DR,0.5569,0.3095,0.1336
Japan,Croatia,0.3423,0.3609,0.2968
Japan,Curacao,0.7641,0.1966,0.0393
Japan,Czechia,0.725,0.2222,0.0529
Japan,Ecuador,0.6597,0.2603,0.0801
Japan,Egypt,0.4002,0.355,0.2448
Japan,England,0.1197,0.2992,0.5811
Japan,France,0.043,0.2042,0.7528
Japan,Germany,0.0534,0.223,0.7236
Japan,Ghana,0.7833,0.1834,0.0333
Japan,Haiti,0.7097,0.2316,0.0587
Japan,Iran,0.6498,0.2658,0.0844
Japan,Iraq,0.8254,0.1527,0.0219
Japan,Jordan,0.618,0.2819,0.1001
Japan,Mexico,0.2502,0.3562,0.3936
Japan,Morocco,0.1766,0.3336,0.4898
Japan,Netherlands,0.076,0.2553,0.6687
Japan,New Zealand,0.3864,0.3568,0.2568
Japan,Norway,0.1286,0.3055,0.5659
Japan,Panama,0.8391,0.1422,0.0187
Japan,Paraguay,0.8328,0.147,0.0202
Japan,Portugal,0.313,0.362,0.3251
Japan,Qatar,0.7535,0.2036,0.0429
Japan,Saudi Arabia,0.7044,0.2347,0.061
Japan,Scotland,0.7347,0.2159,0.0493
Japan,Senegal,0.0838,0.2653,0.6508
Japan,South Africa,0.6933,0.2413,0.0653
Japan,South Korea,0.6493,0.2659,0.0849
Japan,Spain,0.2146,0.3475,0.4379
Japan,Sweden,0.3304,0.3614,0.3082
Japan,Switzerland,0.2767,0.3595,0.3638
Japan,Tunisia,0.7354,0.2154,0.0492
Japan,Turkey,0.6691,0.2552,0.0757
Japan,United States,0.2593,0.3574,0.3833
Japan,Uruguay,0.541,0.3158,0.1433
Japan,Uzbekistan,0.7578,0.2008,0.0414
Jordan,Algeria,0.1426,0.315,0.5424
Jordan,Argentina,0.0077,0.0944,0.8979
Jordan,Australia,0.3494,0.3608,0.2898
Jordan,Austria,0.201,0.3432,0.4558
Jordan,Belgium,0.0225,0.1545,0.823
Jordan,Bosnia and Herzegovina,0.2587,0.3571,0.3843
Jordan,Brazil,0.0329,0.1822,0.7849
Jordan,Cabo Verde,0.2164,0.3481,0.4355
Jordan,Canada,0.0935,0.2754,0.6311
Jordan,Colombia,0.2176,0.3484,0.434
Jordan,Congo DR,0.2589,0.3575,0.3836
Jordan,Croatia,0.1114,0.2919,0.5967
Jordan,Curacao,0.511,0.3267,0.1623
Jordan,Czechia,0.4521,0.3443,0.2036
Jordan,Ecuador,0.3663,0.3591,0.2746
Jordan,Egypt,0.1432,0.3157,0.541
Jordan,England,0.0269,0.167,0.8061
Jordan,France,0.0083,0.0976,0.8942
Jordan,Germany,0.0105,0.1092,0.8803
Jordan,Ghana,0.5421,0.3154,0.1425
Jordan,Haiti,0.4308,0.3492,0.22
Jordan,Iran,0.3548,0.3605,0.2847
Jordan,Iraq,0.616,0.2831,0.1009
Jordan,Japan,0.1001,0.2818,0.6181
Jordan,Mexico,0.0702,0.2482,0.6817
Jordan,Morocco,0.0438,0.2057,0.7505
Jordan,Netherlands,0.0157,0.1311,0.8532
Jordan,New Zealand,0.1352,0.3101,0.5547
Jordan,Norway,0.0293,0.1732,0.7974
Jordan,Panama,0.6415,0.27,0.0885
Jordan,Paraguay,0.6296,0.2762,0.0942
Jordan,Portugal,0.0972,0.2793,0.6235
Jordan,Qatar,0.4944,0.3319,0.1736
Jordan,Saudi Arabia,0.4233,0.3504,0.2263
Jordan,Scotland,0.4662,0.3405,0.1933
Jordan,Senegal,0.0176,0.1384,0.844
Jordan,South Africa,0.4087,0.3535,0.2378
Jordan,South Korea,0.354,0.3602,0.2858
Jordan,Spain,0.0567,0.2283,0.715
Jordan,Sweden,0.1055,0.2868,0.6077
Jordan,Switzerland,0.081,0.2615,0.6575
Jordan,Tunisia,0.4671,0.34,0.1929
Jordan,Turkey,0.3779,0.3581,0.264
Jordan,United States,0.0738,0.2527,0.6735
Jordan,Uruguay,0.2448,0.355,0.4003
Jordan,Uzbekistan,0.5011,0.3298,0.1691
Mexico,Algeria,0.4763,0.3372,0.1865
Mexico,Argentina,0.0592,0.232,0.7089
Mexico,Australia,0.7061,0.2336,0.0603
Mexico,Austria,0.5616,0.3073,0.1311
Mexico,Belgium,0.1435,0.3159,0.5405
Mexico,Bosnia and Herzegovina,0.6268,0.2773,0.0959
Mexico,Brazil,0.1911,0.3394,0.4696
Mexico,Cabo Verde,0.5804,0.2993,0.1203
Mexico,Canada,0.3789,0.3577,0.2634
Mexico,Colombia,0.5819,0.2986,0.1195
Mexico,Congo DR,0.6269,0.2774,0.0956
Mexico,Croatia,0.4182,0.3512,0.2306
Mexico,Curacao,0.808,0.1655,0.0264
Mexico,Czechia,0.775,0.1891,0.0359
Mexico,Ecuador,0.7187,0.2258,0.0555
Mexico,Egypt,0.4773,0.3371,0.1856
Mexico,England,0.1645,0.3275,0.508
Mexico,France,0.0629,0.2376,0.6995
Mexico,Germany,0.0772,0.257,0.6657
Mexico,Ghana,0.8241,0.1536,0.0223
Mexico,Haiti,0.762,0.198,0.0401
Mexico,Iran,0.7101,0.2312,0.0587
Mexico,Iraq,0.859,0.1265,0.0145
Mexico,Japan,0.394,0.3555,0.2505
Mexico,Jordan,0.682,0.2477,0.0702
Mexico,Morocco,0.2344,0.3524,0.4132
Mexico,Netherlands,0.10780000000000001,0.2886,0.6035
Mexico,New Zealand,0.4635,0.3407,0.1958
Mexico,Norway,0.1757,0.3325,0.4918
Mexico,Panama,0.8702,0.1174,0.0124
Mexico,Paraguay,0.8651,0.1216,0.0133
Mexico,Portugal,0.3874,0.3568,0.2558
Mexico,Qatar,0.7992,0.1719,0.0289
Mexico,Saudi Arabia,0.7574,0.2009,0.0417
Mexico,Scotland,0.7833,0.1833,0.0334
Mexico,Senegal,0.1183,0.298,0.5837
Mexico,South Africa,0.7479,0.2073,0.0448
Mexico,South Korea,0.7096,0.2314,0.059
Mexico,Spain,0.2788,0.3595,0.3617
Mexico,Sweden,0.4058,0.3535,0.2407
Mexico,Switzerland,0.3484,0.3604,0.2912
Mexico,Tunisia,0.7838,0.1828,0.0333
Mexico,Turkey,0.727,0.2208,0.0523
Mexico,United States,0.3293,0.3613,0.3094
Mexico,Uruguay,0.6123,0.2846,0.1031
Mexico,Uzbekistan,0.8028,0.1693,0.0279
Morocco,Algeria,0.5696,0.3039,0.1265
Morocco,Argentina,0.093,0.2748,0.6322
Morocco,Australia,0.7705,0.1922,0.0373
Morocco,Austria,0.6473,0.267,0.0858
Morocco,Belgium,0.2085,0.346,0.4455
Morocco,Bosnia and Herzegovina,0.7041,0.2348,0.0611
Morocco,Brazil,0.2679,0.3586,0.3735
Morocco,Cabo Verde,0.6639,0.258,0.0781
Morocco,Canada,0.4749,0.3379,0.1873
Morocco,Colombia,0.6652,0.2573,0.0775
Morocco,Congo DR,0.7042,0.2349,0.0609
Morocco,Croatia,0.514,0.3253,0.1608
Morocco,Curacao,0.8525,0.1316,0.0158
Morocco,Czechia,0.8263,0.152,0.0217
Morocco,Ecuador,0.7809,0.1849,0.0342
Morocco,Egypt,0.5704,0.3037,0.1259
Morocco,England,0.2351,0.3529,0.412
Morocco,France,0.0984,0.2803,0.6212
Morocco,Germany,0.1191,0.2986,0.5823
Morocco,Ghana,0.8651,0.1216,0.0133
Morocco,Haiti,0.8159,0.1598,0.0243
Morocco,Iran,0.7738,0.1899,0.0363
Morocco,Iraq,0.8924,0.0991,0.0085
Morocco,Japan,0.49,0.3333,0.1768
Morocco,Jordan,0.7507,0.2055,0.0439
Morocco,Mexico,0.4129,0.3527,0.2343
Morocco,Netherlands,0.1615,0.3258,0.5128
Morocco,New Zealand,0.5575,0.3089,0.1336
Morocco,Norway,0.2491,0.3553,0.3955
Morocco,Panama,0.9011,0.0916,0.0073
Morocco,Paraguay,0.8971,0.0951,0.0078
Morocco,Portugal,0.4834,0.3355,0.1811
Morocco,Qatar,0.8455,0.1371,0.0173
Morocco,Saudi Arabia,0.8122,0.1624,0.0254
Morocco,Scotland,0.8329,0.1469,0.0202
Morocco,Senegal,0.1755,0.3332,0.4913
Morocco,South Africa,0.8046,0.1681,0.0274
Morocco,South Korea,0.7735,0.1901,0.0365
Morocco,Spain,0.3693,0.3589,0.2718
Morocco,Sweden,0.5018,0.3294,0.1688
Morocco,Switzerland,0.4437,0.3459,0.2104
Morocco,Tunisia,0.8334,0.1465,0.0201
Morocco,Turkey,0.7876,0.1803,0.0321
Morocco,United States,0.4237,0.3504,0.2259
Morocco,Uruguay,0.6916,0.2423,0.0661
Morocco,Uzbekistan,0.8484,0.1349,0.0167
Netherlands,Algeria,0.7301,0.2189,0.0511
Netherlands,Argentina,0.2083,0.3458,0.4459
Netherlands,Australia,0.8655,0.1213,0.0132
Netherlands,Austria,0.7853,0.182,0.0328
Netherlands,Belgium,0.3839,0.3578,0.2583
Netherlands,Bosnia and Herzegovina,0.8233,0.1542,0.0225
Netherlands,Brazil,0.4563,0.3432,0.2004
Netherlands,Cabo Verde,0.7966,0.1739,0.0295
Netherlands,Canada,0.6562,0.2623,0.0815
Netherlands,Colombia,0.7974,0.1733,0.0293
Netherlands,Congo DR,0.8233,0.1543,0.0224
Netherlands,Croatia,0.6877,0.2445,0.0678
Netherlands,Curacao,0.9153,0.0794,0.0053
Netherlands,Czechia,0.8996,0.0929,0.0075
Netherlands,Ecuador,0.872,0.116,0.012
Netherlands,Egypt,0.7307,0.2185,0.0508
Netherlands,England,0.4176,0.352,0.2304
Netherlands,France,0.218,0.3487,0.4333
Netherlands,Germany,0.2532,0.3568,0.39
Netherlands,Ghana,0.9227,0.0728,0.0045
Netherlands,Haiti,0.8933,0.0983,0.0084
Netherlands,Iran,0.8676,0.1196,0.0128
Netherlands,Iraq,0.9386,0.0585,0.0028
Netherlands,Japan,0.6686,0.2555,0.076
Netherlands,Jordan,0.8531,0.1312,0.0157
Netherlands,Mexico,0.6029,0.2893,0.10780000000000001
Netherlands,Morocco,0.5123,0.3262,0.1614
Netherlands,New Zealand,0.7211,0.2245,0.0544
Netherlands,Norway,0.4345,0.3482,0.2173
Netherlands,Panama,0.9437,0.053900000000000003,0.0024
Netherlands,Paraguay,0.9414,0.056,0.0026
Netherlands,Portugal,0.6632,0.2586,0.0783
Netherlands,Qatar,0.9111,0.083,0.0059
Netherlands,Saudi Arabia,0.8911,0.1001,0.0088
Netherlands,Scotland,0.9036,0.0895,0.0069
Netherlands,Senegal,0.3391,0.3618,0.2991
Netherlands,South Africa,0.8865,0.104,0.0095
Netherlands,South Korea,0.8674,0.1198,0.0129
Netherlands,Spain,0.5625,0.3071,0.1304
Netherlands,Sweden,0.6781,0.2501,0.0719
Netherlands,Switzerland,0.63,0.2759,0.0941
Netherlands,Tunisia,0.9039,0.0893,0.0069
Netherlands,Turkey,0.8761,0.1126,0.0113
Netherlands,United States,0.6125,0.2846,0.1029
Netherlands,Uruguay,0.8151,0.1604,0.0245
Netherlands,Uzbekistan,0.9128,0.0815,0.0057
New Zealand,Algeria,0.3313,0.3616,0.3071
New Zealand,Argentina,0.0282,0.1707,0.8011
New Zealand,Australia,0.584,0.2979,0.1181
New Zealand,Austria,0.4173,0.352,0.2307
New Zealand,Belgium,0.0751,0.255,0.6699
New Zealand,Bosnia and Herzegovina,0.4892,0.3337,0.1771
New Zealand,Brazil,0.1046,0.2865,0.6088
New Zealand,Cabo Verde,0.4376,0.3478,0.2146
New Zealand,Canada,0.2439,0.3549,0.4012
New Zealand,Colombia,0.4391,0.3474,0.2135
New Zealand,Congo DR,0.4894,0.3339,0.1767
New Zealand,Croatia,0.2778,0.3596,0.3626
New Zealand,Curacao,0.7178,0.2267,0.0555
New Zealand,Czechia,0.673,0.2531,0.0739
New Zealand,Ecuador,0.5999,0.2905,0.1096
New Zealand,Egypt,0.3323,0.3618,0.3059
New Zealand,England,0.0879,0.2697,0.6424
New Zealand,France,0.0302,0.1757,0.7942
New Zealand,Germany,0.0377,0.1933,0.769
New Zealand,Ghana,0.7399,0.2127,0.0474
New Zealand,Haiti,0.6557,0.2626,0.0816
New Zealand,Iran,0.5891,0.2957,0.1152
New Zealand,Iraq,0.7893,0.1792,0.0315
New Zealand,Japan,0.2566,0.357,0.3863
New Zealand,Jordan,0.5544,0.3104,0.1351
New Zealand,Mexico,0.1955,0.3416,0.4629
New Zealand,Morocco,0.1335,0.3094,0.5571
New Zealand,Netherlands,0.0544,0.2245,0.721
New Zealand,Norway,0.0949,0.2767,0.6284
New Zealand,Panama,0.8054,0.1675,0.0271
New Zealand,Paraguay,0.798,0.1729,0.0291
New Zealand,Portugal,0.2511,0.3564,0.3925
New Zealand,Qatar,0.7056,0.234,0.0604
New Zealand,Saudi Arabia,0.6497,0.2657,0.0846
New Zealand,Scotland,0.6841,0.2468,0.0691
New Zealand,Senegal,0.0604,0.2345,0.7052
New Zealand,South Africa,0.6373,0.2723,0.0904
New Zealand,South Korea,0.5885,0.2958,0.1158
New Zealand,Spain,0.165,0.3281,0.5069
New Zealand,Sweden,0.2669,0.3584,0.3747
New Zealand,Switzerland,0.2187,0.3487,0.4326
New Zealand,Tunisia,0.6848,0.2463,0.0689
New Zealand,Turkey,0.6104,0.2857,0.1039
New Zealand,United States,0.2034,0.3441,0.4525
New Zealand,Uruguay,0.4728,0.3388,0.1884
New Zealand,Uzbekistan,0.7105,0.2311,0.0584
Norway,Algeria,0.6394,0.2711,0.0895
Norway,Argentina,0.1311,0.3077,0.5612
Norway,Australia,0.8139,0.1613,0.0248
Norway,Austria,0.7086,0.2323,0.0591
Norway,Belgium,0.2729,0.3598,0.3673
Norway,Bosnia and Herzegovina,0.7578,0.2008,0.0414
Norway,Brazil,0.3398,0.3616,0.2986
Norway,Cabo Verde,0.7231,0.2233,0.0536
Norway,Canada,0.5513,0.3117,0.137
Norway,Colombia,0.7242,0.2226,0.0532
Norway,Congo DR,0.7578,0.2009,0.0413
Norway,Croatia,0.5882,0.2958,0.1159
Norway,Curacao,0.8815,0.1082,0.0103
Norway,Czechia,0.86,0.1257,0.0143
Norway,Ecuador,0.8225,0.1548,0.0227
Norway,Egypt,0.6402,0.2709,0.089
Norway,England,0.3034,0.3618,0.3348
Norway,France,0.1381,0.3126,0.5492
Norway,Germany,0.1647,0.3281,0.5072
Norway,Ghana,0.8918,0.0996,0.0086
Norway,Haiti,0.8515,0.1325,0.016
Norway,Iran,0.8166,0.1593,0.0241
Norway,Iraq,0.9139,0.0806,0.0055
Norway,Japan,0.5657,0.3058,0.1286
Norway,Jordan,0.7972,0.1734,0.0293
Norway,Mexico,0.4911,0.3334,0.1756
Norway,Morocco,0.3951,0.3559,0.249
Norway,Netherlands,0.2172,0.3482,0.4345
Norway,New Zealand,0.6284,0.2767,0.0949
Norway,Panama,0.9209,0.0744,0.0047
Norway,Paraguay,0.9177,0.0773,0.0051
Norway,Portugal,0.5594,0.3085,0.132
Norway,Qatar,0.8758,0.1129,0.0113
Norway,Saudi Arabia,0.8485,0.1348,0.0167
Norway,Scotland,0.8655,0.1213,0.0132
Norway,Senegal,0.234,0.3532,0.4128
Norway,South Africa,0.8422,0.1398,0.018
Norway,South Korea,0.8163,0.1594,0.0242
Norway,Spain,0.4472,0.3454,0.2074
Norway,Sweden,0.5768,0.3009,0.1223
Norway,Switzerland,0.5213,0.323,0.1557
Norway,Tunisia,0.8659,0.121,0.0132
Norway,Turkey,0.8281,0.1506,0.0213
Norway,United States,0.5017,0.3298,0.1685
Norway,Uruguay,0.7471,0.208,0.045
Norway,Uzbekistan,0.8781,0.111,0.0109
Panama,Algeria,0.029,0.1723,0.7987
Panama,Argentina,0.0011,0.0375,0.9613
Panama,Australia,0.1021,0.2839,0.614
Panama,Austria,0.0454,0.2086,0.746
Panama,Belgium,0.0035,0.065,0.9315
Panama,Bosnia and Herzegovina,0.0646,0.24,0.6954
Panama,Brazil,0.0053,0.079,0.9158
Panama,Cabo Verde,0.0502,0.2174,0.7324
Panama,Canada,0.0173,0.137,0.8457
Panama,Colombia,0.0506,0.218,0.7314
Panama,Congo DR,0.0647,0.2405,0.6948
Panama,Croatia,0.0213,0.1505,0.8282
Panama,Curacao,0.1991,0.3427,0.4583
Panama,Czechia,0.1583,0.3246,0.517
Panama,Ecuador,0.1102,0.2909,0.5989
Panama,Egypt,0.0291,0.1729,0.7979
Panama,England,0.0043,0.0711,0.9246
Panama,France,0.0012,0.0389,0.9599
Panama,Germany,0.0016,0.044,0.9545
Panama,Ghana,0.2236,0.3502,0.4262
Panama,Haiti,0.1452,0.317,0.5378
Panama,Iran,0.1047,0.2864,0.6089
Panama,Iraq,0.2919,0.3612,0.3468
Panama,Japan,0.0187,0.1421,0.8392
Panama,Jordan,0.0885,0.27,0.6416
Panama,Mexico,0.0124,0.1176,0.87
Panama,Morocco,0.0073,0.0917,0.901
Panama,Netherlands,0.0024,0.0538,0.9438
Panama,New Zealand,0.0271,0.1673,0.8057
Panama,Norway,0.0047,0.0743,0.921
Panama,Paraguay,0.30620000000000003,0.3617,0.3322
Panama,Portugal,0.0181,0.1401,0.8418
Panama,Qatar,0.1868,0.3376,0.4756
Panama,Saudi Arabia,0.1407,0.3137,0.5456
Panama,Scotland,0.1675,0.3293,0.5033
Panama,Senegal,0.0027,0.0573,0.94
Panama,South Africa,0.1325,0.3085,0.559
Panama,South Korea,0.1043,0.2856,0.6101
Panama,Spain,0.0097,0.105,0.8853
Panama,Sweden,0.02,0.1461,0.8339
Panama,Switzerland,0.0146,0.1268,0.8586
Panama,Tunisia,0.168,0.3292,0.5028
Panama,Turkey,0.1161,0.2961,0.5878
Panama,United States,0.0131,0.1207,0.8662
Panama,Uruguay,0.0597,0.233,0.7074
Panama,Uzbekistan,0.1916,0.3396,0.4688
Paraguay,Algeria,0.0311,0.1776,0.7912
Paraguay,Argentina,0.0012,0.039,0.9598
Paraguay,Australia,0.1086,0.2896,0.6019
Paraguay,Austria,0.0486,0.2144,0.737
Paraguay,Belgium,0.0038,0.0674,0.9288
Paraguay,Bosnia and Herzegovina,0.069,0.246,0.685
Paraguay,Brazil,0.0057,0.0819,0.9124
Paraguay,Cabo Verde,0.0537,0.2234,0.7229
Paraguay,Canada,0.0186,0.1416,0.8398
Paraguay,Colombia,0.0541,0.224,0.7219
Paraguay,Congo DR,0.0691,0.2465,0.6844
Paraguay,Croatia,0.023,0.1554,0.8217
Paraguay,Curacao,0.2095,0.346,0.4446
Paraguay,Czechia,0.1673,0.3291,0.5036
Paraguay,Ecuador,0.1171,0.2965,0.5865
Paraguay,Egypt,0.0313,0.1783,0.7904
Paraguay,England,0.0046,0.0738,0.9216
Paraguay,France,0.0013,0.0404,0.9583
Paraguay,Germany,0.0017,0.0457,0.9526
Paraguay,Ghana,0.2347,0.3528,0.4125
Paraguay,Haiti,0.1536,0.3218,0.5246
Paraguay,Iran,0.1113,0.2921,0.5967
Paraguay,Iraq,0.3046,0.3617,0.3337
Paraguay,Japan,0.0202,0.1468,0.833
Paraguay,Jordan,0.0942,0.2759,0.6299
Paraguay,Mexico,0.0133,0.1217,0.865
Paraguay,Morocco,0.0078,0.095,0.8971
Paraguay,Netherlands,0.0026,0.0559,0.9415
Paraguay,New Zealand,0.0291,0.1725,0.7984
Paraguay,Norway,0.0051,0.0771,0.9179
Paraguay,Panama,0.3323,0.3613,0.3064
Paraguay,Portugal,0.0195,0.1447,0.8358
Paraguay,Qatar,0.1968,0.3413,0.462
Paraguay,Saudi Arabia,0.149,0.3186,0.5324
Paraguay,Scotland,0.1768,0.3335,0.4898
Paraguay,Senegal,0.0029,0.0594,0.9376
Paraguay,South Africa,0.1403,0.3136,0.546
Paraguay,South Korea,0.1108,0.2913,0.5979
Paraguay,Spain,0.0105,0.1087,0.8808
Paraguay,Sweden,0.0215,0.1509,0.8276
Paraguay,Switzerland,0.0157,0.1311,0.8532
Paraguay,Tunisia,0.1773,0.3334,0.4893
Paraguay,Turkey,0.1232,0.3016,0.5752
Paraguay,United States,0.0141,0.1249,0.861
Paraguay,Uruguay,0.0638,0.239,0.6972
Paraguay,Uzbekistan,0.2018,0.3431,0.4551
Portugal,Algeria,0.4058,0.3536,0.2407
Portugal,Argentina,0.0417,0.2013,0.757
Portugal,Australia,0.6508,0.2651,0.0842
Portugal,Austria,0.4933,0.3323,0.1745
Portugal,Belgium,0.1062,0.2878,0.606
Portugal,Bosnia and Herzegovina,0.563,0.3066,0.1304
Portugal,Brazil,0.1447,0.3164,0.5388
Portugal,Cabo Verde,0.5132,0.3257,0.1611
Portugal,Canada,0.3111,0.3614,0.3275
Portugal,Colombia,0.5147,0.3251,0.1601
Portugal,Congo DR,0.5631,0.3068,0.1301
Portugal,Croatia,0.3486,0.3603,0.2911
Portugal,Curacao,0.7682,0.1937,0.038
Portugal,Czechia,0.7296,0.2191,0.0512
Portugal,Ecuador,0.6651,0.2572,0.0777
Portugal,Egypt,0.4068,0.3537,0.2396
Portugal,England,0.123,0.3015,0.5755
Portugal,France,0.0444,0.2067,0.7489
Portugal,Germany,0.0551,0.2256,0.7193
Portugal,Ghana,0.7871,0.1806,0.0323
Portugal,Haiti,0.7146,0.2285,0.0569
Portugal,Iran,0.6553,0.2627,0.082
Portugal,Iraq,0.8286,0.1502,0.0212
Portugal,Japan,0.3253,0.3613,0.3133
Portugal,Jordan,0.6238,0.2789,0.0973
Portugal,Mexico,0.2557,0.3568,0.3875
Portugal,Morocco,0.1811,0.3352,0.4837
Portugal,Netherlands,0.0783,0.2579,0.6638
Portugal,New Zealand,0.3929,0.3556,0.2515
Portugal,Norway,0.1321,0.3078,0.5601
Portugal,Panama,0.8421,0.1398,0.0181
Portugal,Paraguay,0.8359,0.1446,0.0195
Portugal,Qatar,0.7578,0.2007,0.0415
Portugal,Saudi Arabia,0.7093,0.2316,0.0591
Portugal,Scotland,0.7393,0.2129,0.0478
Portugal,Senegal,0.0864,0.2679,0.6457
Portugal,South Africa,0.6984,0.2383,0.0634
Portugal,South Korea,0.6548,0.2628,0.0824
Portugal,Spain,0.2197,0.3487,0.4317
Portugal,Sweden,0.3367,0.3609,0.3024
Portugal,Switzerland,0.2826,0.3597,0.3577
Portugal,Tunisia,0.7399,0.2124,0.0476
Portugal,Turkey,0.6745,0.2521,0.0735
Portugal,United States,0.265,0.3579,0.3771
Portugal,Uruguay,0.5473,0.3131,0.1396
Portugal,Uzbekistan,0.762,0.1979,0.0401
Qatar,Algeria,0.0643,0.2397,0.6961
Qatar,Argentina,0.0028,0.0585,0.9387
Qatar,Australia,0.1959,0.3415,0.4627
Qatar,Austria,0.0967,0.2787,0.6246
Qatar,Belgium,0.0086,0.0993,0.8921
Qatar,Bosnia and Herzegovina,0.1323,0.3082,0.5595
Qatar,Brazil,0.0128,0.1194,0.8678
Qatar,Cabo Verde,0.1058,0.2875,0.6067
Qatar,Canada,0.0397,0.1973,0.763
Qatar,Colombia,0.1066,0.2881,0.6054
Qatar,Congo DR,0.1324,0.3088,0.5588
Qatar,Croatia,0.0484,0.2139,0.7377
Qatar,Curacao,0.3352,0.3617,0.3031
Qatar,Czechia,0.2803,0.3603,0.3595
Qatar,Ecuador,0.2088,0.3455,0.4457
Qatar,Egypt,0.0646,0.2404,0.695
Qatar,England,0.0103,0.1082,0.8814
Qatar,France,0.003,0.0606,0.9364
Qatar,Germany,0.0039,0.0682,0.9279
Qatar,Ghana,0.3662,0.3596,0.2742
Qatar,Haiti,0.2616,0.358,0.3805
Qatar,Iran,0.2,0.3431,0.4569
Qatar,Iraq,0.4459,0.346,0.2081
Qatar,Japan,0.0428,0.2037,0.7535
Qatar,Jordan,0.1736,0.3321,0.4944
Qatar,Mexico,0.0289,0.1724,0.7988
Qatar,Morocco,0.0173,0.1373,0.8453
Qatar,Netherlands,0.0059,0.083,0.9111
Qatar,New Zealand,0.0604,0.2339,0.7057
Qatar,Norway,0.0113,0.1128,0.8759
Qatar,Panama,0.4754,0.3378,0.1868
Qatar,Paraguay,0.4615,0.3418,0.1967
Qatar,Portugal,0.0415,0.2011,0.7574
Qatar,Saudi Arabia,0.2551,0.3565,0.3884
Qatar,Scotland,0.293,0.3612,0.3458
Qatar,Senegal,0.0066,0.088,0.9053
Qatar,South Africa,0.2429,0.3546,0.4025
Qatar,South Korea,0.1993,0.3424,0.4582
Qatar,Spain,0.0229,0.1555,0.8216
Qatar,Sweden,0.0455,0.2086,0.7459
Qatar,Switzerland,0.0338,0.1843,0.7819
Qatar,Tunisia,0.2937,0.3609,0.3453
Qatar,Turkey,0.2179,0.3486,0.4335
Qatar,United States,0.0305,0.1764,0.7931
Qatar,Uruguay,0.1234,0.3021,0.5746
Qatar,Uzbekistan,0.3255,0.3617,0.3128
Saudi Arabia,Algeria,0.0898,0.2715,0.6387
Saudi Arabia,Argentina,0.0042,0.0711,0.9246
Saudi Arabia,Australia,0.2522,0.3565,0.3913
Saudi Arabia,Austria,0.1319,0.3084,0.5597
Saudi Arabia,Belgium,0.0127,0.1193,0.868
Saudi Arabia,Bosnia and Herzegovina,0.1764,0.3334,0.4902
Saudi Arabia,Brazil,0.0188,0.1425,0.8387
Saudi Arabia,Cabo Verde,0.1435,0.3161,0.5404
Saudi Arabia,Canada,0.0566,0.2283,0.7151
Saudi Arabia,Colombia,0.1444,0.3166,0.539
Saudi Arabia,Congo DR,0.1766,0.3339,0.4895
Saudi Arabia,Croatia,0.0685,0.2456,0.6859
Saudi Arabia,Curacao,0.405,0.3545,0.2405
Saudi Arabia,Czechia,0.3466,0.3614,0.292
Saudi Arabia,Ecuador,0.2671,0.3585,0.3745
Saudi Arabia,Egypt,0.0902,0.2723,0.6375
Saudi Arabia,England,0.0152,0.1296,0.8551
Saudi Arabia,France,0.0046,0.0736,0.9218
Saudi Arabia,Germany,0.0058,0.0827,0.9115
Saudi Arabia,Ghana,0.437,0.3481,0.2149
Saudi Arabia,Haiti,0.3262,0.3621,0.3117
Saudi Arabia,Iran,0.2569,0.3574,0.3856
Saudi Arabia,Iraq,0.5166,0.325,0.1584
Saudi Arabia,Japan,0.0609,0.2349,0.7041
Saudi Arabia,Jordan,0.2261,0.3508,0.4231
Saudi Arabia,Mexico,0.0416,0.2016,0.7568
Saudi Arabia,Morocco,0.0253,0.1628,0.8118
Saudi Arabia,Netherlands,0.0088,0.1002,0.8911
Saudi Arabia,New Zealand,0.0846,0.2658,0.6496
Saudi Arabia,Norway,0.0167,0.1349,0.8484
Saudi Arabia,Panama,0.5451,0.3142,0.1407
Saudi Arabia,Paraguay,0.5318,0.3194,0.1489
Saudi Arabia,Portugal,0.0591,0.2323,0.7086
Saudi Arabia,Qatar,0.3881,0.3568,0.255
Saudi Arabia,Scotland,0.3603,0.3603,0.2794
Saudi Arabia,Senegal,0.0099,0.1061,0.884
Saudi Arabia,South Africa,0.3055,0.3618,0.3327
Saudi Arabia,South Korea,0.2562,0.3569,0.3869
Saudi Arabia,Spain,0.0332,0.1831,0.7836
Saudi Arabia,Sweden,0.0645,0.2401,0.6953
Saudi Arabia,Switzerland,0.0485,0.2145,0.737
Saudi Arabia,Tunisia,0.3611,0.3599,0.2789
Saudi Arabia,Turkey,0.2775,0.36,0.3626
Saudi Arabia,United States,0.0439,0.206,0.7501
Saudi Arabia,Uruguay,0.1654,0.3285,0.5061
Saudi Arabia,Uzbekistan,0.3948,0.3559,0.2493
Scotland,Algeria,0.0735,0.252,0.6745
Scotland,Argentina,0.0033,0.0631,0.9336
Scotland,Australia,0.2172,0.3481,0.4347
Scotland,Austria,0.1096,0.2905,0.5999
Scotland,Belgium,0.01,0.1067,0.8833
Scotland,Bosnia and Herzegovina,0.1486,0.3185,0.5329
Scotland,Brazil,0.0149,0.128,0.8571
Scotland,Cabo Verde,0.1197,0.2989,0.5814
Scotland,Canada,0.0457,0.2091,0.7451
Scotland,Colombia,0.1205,0.2995,0.58
Scotland,Congo DR,0.1489,0.319,0.5321
Scotland,Croatia,0.0556,0.2261,0.7184
Scotland,Curacao,0.3625,0.3597,0.2777
Scotland,Czechia,0.306,0.3616,0.3325
Scotland,Ecuador,0.2309,0.3514,0.4177
Scotland,Egypt,0.0739,0.2528,0.6734
Scotland,England,0.012,0.1162,0.8718
Scotland,France,0.0036,0.0653,0.9311
Scotland,Germany,0.0046,0.0735,0.9219
Scotland,Ghana,0.3941,0.3559,0.25
Scotland,Haiti,0.2865,0.3604,0.3531
Scotland,Iran,0.2216,0.3495,0.429
Scotland,Iraq,0.4742,0.3382,0.1875
Scotland,Japan,0.0493,0.21560000000000001,0.7351
Scotland,Jordan,0.1933,0.3401,0.4666
Scotland,Mexico,0.0334,0.1834,0.7832
Scotland,Morocco,0.0202,0.1468,0.833
Scotland,Netherlands,0.0069,0.0893,0.9038
Scotland,New Zealand,0.0691,0.2462,0.6847
Scotland,Norway,0.0132,0.121,0.8658
Scotland,Panama,0.5035,0.3289,0.1676
Scotland,Paraguay,0.4897,0.3334,0.1768
Scotland,Portugal,0.0478,0.213,0.7392
Scotland,Qatar,0.3461,0.3606,0.2933
Scotland,Saudi Arabia,0.2797,0.3594,0.3609
Scotland,Senegal,0.0078,0.0947,0.8975
Scotland,South Africa,0.2669,0.3583,0.3748
Scotland,South Korea,0.2209,0.3488,0.4303
Scotland,Spain,0.0266,0.1659,0.8076
Scotland,Sweden,0.0523,0.2207,0.727
Scotland,Switzerland,0.0391,0.1957,0.7652
Scotland,Tunisia,0.3199,0.3614,0.3187
Scotland,Turkey,0.2406,0.3539,0.4055
Scotland,United States,0.0353,0.1875,0.7772
Scotland,Uruguay,0.1389,0.3128,0.5483
Scotland,Uzbekistan,0.3526,0.3603,0.2871
Senegal,Algeria,0.7154,0.2278,0.0568
Senegal,Argentina,0.1926,0.3396,0.4677
Senegal,Australia,0.8575,0.1276,0.0148
Senegal,Austria,0.7731,0.1903,0.0366
Senegal,Belgium,0.3632,0.3596,0.2772
Senegal,Bosnia and Herzegovina,0.813,0.1618,0.0252
Senegal,Brazil,0.4353,0.3478,0.2169
Senegal,Cabo Verde,0.785,0.1821,0.033
Senegal,Canada,0.6388,0.2712,0.09
Senegal,Colombia,0.7859,0.1814,0.0327
Senegal,Congo DR,0.813,0.1619,0.0251
Senegal,Croatia,0.6714,0.2536,0.075
Senegal,Curacao,0.9101,0.0839,0.006
Senegal,Czechia,0.8935,0.0981,0.0084
Senegal,Ecuador,0.8643,0.1221,0.0135
Senegal,Egypt,0.716,0.2275,0.0564
Senegal,England,0.3966,0.3552,0.2482
Senegal,France,0.2018,0.3431,0.4551
Senegal,Germany,0.2356,0.3527,0.4117
Senegal,Ghana,0.918,0.077,0.005
Senegal,Haiti,0.8869,0.1037,0.0095
Senegal,Iran,0.8597,0.1259,0.0144
Senegal,Iraq,0.9349,0.0619,0.0032
Senegal,Japan,0.6515,0.2645,0.084
Senegal,Jordan,0.8444,0.138,0.0176
Senegal,Mexico,0.5839,0.2977,0.1184
Senegal,Morocco,0.4917,0.3326,0.1757
Senegal,Netherlands,0.2995,0.3607,0.3398
Senegal,New Zealand,0.706,0.2335,0.0605
Senegal,Norway,0.4135,0.352,0.2345
Senegal,Panama,0.9402,0.0571,0.0027
Senegal,Paraguay,0.9378,0.0593,0.0029
Senegal,Portugal,0.646,0.2676,0.0865
Senegal,Qatar,0.9057,0.0877,0.0066
Senegal,Saudi Arabia,0.8846,0.1056,0.0099
Senegal,Scotland,0.8977,0.0945,0.0078
Senegal,South Africa,0.8796,0.1097,0.0107
Senegal,South Korea,0.8595,0.1261,0.0145
Senegal,Spain,0.5426,0.3147,0.1427
Senegal,Sweden,0.6614,0.2591,0.0795
Senegal,Switzerland,0.6117,0.2846,0.1036
Senegal,Tunisia,0.898,0.0942,0.0077
Senegal,Turkey,0.8687,0.1187,0.0127
Senegal,United States,0.5938,0.2931,0.1131
Senegal,Uruguay,0.8044,0.1682,0.0275
Senegal,Uzbekistan,0.9075,0.0861,0.0064
South Africa,Algeria,0.0959,0.2775,0.6266
South Africa,Argentina,0.0046,0.0739,0.9215
South Africa,Australia,0.2647,0.3581,0.3772
South Africa,Austria,0.1401,0.3136,0.5463
South Africa,Belgium,0.0137,0.1235,0.8627
South Africa,Bosnia and Herzegovina,0.1865,0.3374,0.4761
South Africa,Brazil,0.0203,0.1474,0.8324
South Africa,Cabo Verde,0.1523,0.321,0.5267
South Africa,Canada,0.0607,0.2345,0.7048
South Africa,Colombia,0.1532,0.3215,0.5253
South Africa,Congo DR,0.1867,0.3379,0.4754
South Africa,Croatia,0.0733,0.2518,0.67490000000000006
South Africa,Curacao,0.4196,0.3515,0.2289
South Africa,Czechia,0.3608,0.36,0.2792
South Africa,Ecuador,0.2799,0.3596,0.3605
South Africa,Egypt,0.0963,0.2783,0.6254
South Africa,England,0.0165,0.1342,0.8494
South Africa,France,0.0049,0.0764,0.9186
South Africa,Germany,0.0063,0.0859,0.9078
South Africa,Ghana,0.4516,0.3443,0.2041
South Africa,Haiti,0.3401,0.3613,0.2986
South Africa,Iran,0.2695,0.3589,0.3716
South Africa,Iraq,0.5308,0.3197,0.1495
South Africa,Japan,0.0653,0.2411,0.6935
South Africa,Jordan,0.2379,0.3533,0.4089
South Africa,Mexico,0.0448,0.2075,0.7477
South Africa,Morocco,0.0273,0.1681,0.8046
South Africa,Netherlands,0.0095,0.1039,0.8866
South Africa,New Zealand,0.0904,0.2718,0.6377
South Africa,Norway,0.018,0.1395,0.8424
South Africa,Panama,0.5591,0.3084,0.1325
South Africa,Paraguay,0.5458,0.3138,0.1404
South Africa,Portugal,0.0633,0.2385,0.6982
South Africa,Qatar,0.4027,0.3543,0.2431
South Africa,Saudi Arabia,0.3329,0.3612,0.3059
South Africa,Scotland,0.3746,0.3585,0.2669
South Africa,Senegal,0.0107,0.11,0.8793
South Africa,South Korea,0.2688,0.3584,0.3729
South Africa,Spain,0.0358,0.1888,0.7754
South Africa,Sweden,0.0692,0.2463,0.6845
South Africa,Switzerland,0.0521,0.2205,0.7273
South Africa,Tunisia,0.3755,0.3581,0.2664
South Africa,Turkey,0.2905,0.3608,0.3487
South Africa,United States,0.0472,0.2119,0.7408
South Africa,Uruguay,0.1751,0.3328,0.4921
South Africa,Uzbekistan,0.4094,0.3532,0.2374
South Korea,Algeria,0.1223,0.3011,0.5766
South Korea,Argentina,0.0063,0.0858,0.9079
South Korea,Australia,0.3147,0.3619,0.3234
South Korea,Austria,0.175,0.333,0.492
South Korea,Belgium,0.0185,0.1417,0.8397
South Korea,Bosnia and Herzegovina,0.2284,0.3512,0.4204
South Korea,Brazil,0.0272,0.168,0.8048
South Korea,Cabo Verde,0.1892,0.339,0.4718
South Korea,Canada,0.0791,0.2595,0.6615
South Korea,Colombia,0.1903,0.3394,0.4704
South Korea,Congo DR,0.2286,0.3517,0.4197
South Korea,Croatia,0.0947,0.2765,0.6287
South Korea,Curacao,0.4749,0.3382,0.1869
South Korea,Czechia,0.4156,0.3525,0.2319
South Korea,Ecuador,0.331,0.3615,0.3075
South Korea,Egypt,0.1229,0.3018,0.5753
South Korea,England,0.0222,0.1535,0.8243
South Korea,France,0.0068,0.0887,0.9045
South Korea,Germany,0.0086,0.0994,0.892
South Korea,Ghana,0.5066,0.3283,0.165
South Korea,Haiti,0.3943,0.3561,0.2496
South Korea,Iran,0.3199,0.3621,0.318
South Korea,Iraq,0.5831,0.2985,0.1184
South Korea,Japan,0.0848,0.2661,0.6491
South Korea,Jordan,0.2856,0.3605,0.3539
South Korea,Mexico,0.0589,0.232,0.7091
South Korea,Morocco,0.0364,0.1904,0.7731
South Korea,Netherlands,0.0129,0.1198,0.8673
South Korea,New Zealand,0.1157,0.2957,0.5885
South Korea,Norway,0.0242,0.1594,0.8163
South Korea,Panama,0.6098,0.2859,0.1042
South Korea,Paraguay,0.5973,0.2919,0.1108
South Korea,Portugal,0.0823,0.2635,0.6542
South Korea,Qatar,0.4581,0.3426,0.1994
South Korea,Saudi Arabia,0.3869,0.3568,0.2563
South Korea,Scotland,0.4297,0.3496,0.2207
South Korea,Senegal,0.0145,0.1267,0.8589
South Korea,South Africa,0.3725,0.3589,0.2686
South Korea,Spain,0.0474,0.2125,0.7401
South Korea,Sweden,0.0896,0.2712,0.6393
South Korea,Switzerland,0.0682,0.2453,0.6864
South Korea,Tunisia,0.4306,0.3491,0.2203
South Korea,Turkey,0.3424,0.3614,0.2963
South Korea,United States,0.062,0.2366,0.7014
South Korea,Uruguay,0.2154,0.348,0.4365
South Korea,Uzbekistan,0.4648,0.3408,0.1944
Spain,Algeria,0.5197,0.3234,0.1569
Spain,Argentina,0.0731,0.2518,0.6751
Spain,Australia,0.7371,0.2144,0.0485
Spain,Austria,0.6021,0.2896,0.1084
Spain,Belgium,0.1713,0.3314,0.4973
Spain,Bosnia and Herzegovina,0.6637,0.2581,0.0783
Spain,Brazil,0.2244,0.3503,0.4252
Spain,Cabo Verde,0.62,0.281,0.099
Spain,Canada,0.4228,0.3507,0.2265
Spain,Colombia,0.6214,0.2802,0.0984
Spain,Congo DR,0.6638,0.2582,0.0781
Spain,Croatia,0.4623,0.3412,0.1965
Spain,Curacao,0.8297,0.1494,0.0209
Spain,Czechia,0.79990000000000006,0.1715,0.0286
Spain,Ecuador,0.7487,0.2067,0.0445
Spain,Egypt,0.5207,0.3232,0.1561
Spain,England,0.1949,0.3411,0.464
Spain,France,0.0775,0.2575,0.665
Spain,Germany,0.0946,0.2767,0.6287
Spain,Ghana,0.8441,0.1383,0.0176
Spain,Haiti,0.7881,0.18,0.032
Spain,Iran,0.7408,0.212,0.0472
Spain,Iraq,0.8753,0.1133,0.0114
Spain,Japan,0.4379,0.3474,0.2147
Spain,Jordan,0.715,0.2282,0.0568
Spain,Mexico,0.3614,0.36,0.2787
Spain,Morocco,0.2717,0.3591,0.3693
Spain,Netherlands,0.1304,0.3068,0.5628
Spain,New Zealand,0.5071,0.3277,0.1652
Spain,Norway,0.2074,0.345,0.4476
Spain,Panama,0.8853,0.105,0.0097
Spain,Paraguay,0.8807,0.1088,0.0105
Spain,Portugal,0.4313,0.3491,0.2196
Spain,Qatar,0.8217,0.1554,0.0229
Spain,Saudi Arabia,0.784,0.1828,0.0333
Spain,Scotland,0.8074,0.1661,0.0266
Spain,Senegal,0.1425,0.3155,0.542
Spain,South Africa,0.7753,0.1889,0.0358
Spain,South Korea,0.7404,0.2122,0.0474
Spain,Sweden,0.4499,0.3444,0.2057
Spain,Switzerland,0.3916,0.356,0.2523
Spain,Tunisia,0.8079,0.1656,0.0265
Spain,Turkey,0.7562,0.2018,0.0419
Spain,United States,0.3719,0.3587,0.2694
Spain,Uruguay,0.6501,0.2656,0.0844
Spain,Uzbekistan,0.825,0.153,0.0221
Sweden,Algeria,0.3874,0.3568,0.2558
Sweden,Argentina,0.038,0.1939,0.7681
Sweden,Australia,0.6351,0.2735,0.0915
Sweden,Austria,0.4749,0.3381,0.187
Sweden,Belgium,0.0979,0.2804,0.6217
Sweden,Bosnia and Herzegovina,0.5454,0.3139,0.1407
Sweden,Brazil,0.1341,0.31,0.5559
Sweden,Cabo Verde,0.4949,0.3321,0.173
Sweden,Canada,0.2941,0.3612,0.3447
Sweden,Colombia,0.4965,0.3315,0.172
Sweden,Congo DR,0.5455,0.3141,0.1403
Sweden,Croatia,0.3309,0.3615,0.3077
Sweden,Curacao,0.7566,0.2017,0.0417
Sweden,Czechia,0.7165,0.2275,0.056
Sweden,Ecuador,0.6498,0.2656,0.0846
Sweden,Egypt,0.3884,0.3569,0.2547
Sweden,England,0.1137,0.2945,0.5919
Sweden,France,0.0405,0.1992,0.7603
Sweden,Germany,0.0503,0.2179,0.7317
Sweden,Ghana,0.7763,0.1883,0.0354
Sweden,Haiti,0.7009,0.2369,0.0622
Sweden,Iran,0.6398,0.2711,0.0891
Sweden,Iraq,0.8196,0.1571,0.0233
Sweden,Japan,0.308,0.3617,0.3303
Sweden,Jordan,0.6074,0.2871,0.1055
Sweden,Mexico,0.2403,0.3544,0.4054
Sweden,Morocco,0.1686,0.33,0.5014
Sweden,Netherlands,0.0718,0.2501,0.678
Sweden,New Zealand,0.3746,0.3584,0.267
Sweden,Norway,0.1222,0.3009,0.5769
Sweden,Panama,0.8337,0.1463,0.02
Sweden,Paraguay,0.8272,0.1513,0.0215
Sweden,Portugal,0.3019,0.3618,0.3363
Sweden,Qatar,0.7457,0.2088,0.0455
Sweden,Saudi Arabia,0.6954,0.24,0.0646
Sweden,Scotland,0.7265,0.2212,0.0523
Sweden,Senegal,0.0794,0.2602,0.6605
Sweden,South Africa,0.6841,0.2467,0.0691
Sweden,South Korea,0.6392,0.2712,0.0896
Sweden,Spain,0.2055,0.3448,0.4497
Sweden,Switzerland,0.2663,0.3584,0.3753
Sweden,Tunisia,0.7272,0.2207,0.0521
Sweden,Turkey,0.6595,0.2606,0.08
Sweden,United States,0.2492,0.3558,0.395
Sweden,Uruguay,0.5294,0.3202,0.1504
Sweden,Uzbekistan,0.7501,0.2059,0.044
Switzerland,Algeria,0.4455,0.3456,0.2088
Switzerland,Argentina,0.0509,0.2188,0.7303
Switzerland,Australia,0.6827,0.2475,0.0698
Switzerland,Austria,0.5322,0.3191,0.1487
Switzerland,Belgium,0.1263,0.3046,0.5692
Switzerland,Bosnia and Herzegovina,0.5996,0.2907,0.1098
Switzerland,Brazil,0.1698,0.3306,0.4996
Switzerland,Cabo Verde,0.5516,0.3116,0.1368
Switzerland,Canada,0.3489,0.3609,0.2902
Switzerland,Colombia,0.553,0.311,0.136
Switzerland,Congo DR,0.5997,0.2908,0.1095
Switzerland,Croatia,0.3876,0.3566,0.2558
Switzerland,Curacao,0.7914,0.1777,0.031
Switzerland,Czechia,0.7559,0.2021,0.0419
Switzerland,Ecuador,0.6961,0.2396,0.0643
Switzerland,Egypt,0.4465,0.3456,0.2078
Switzerland,England,0.1454,0.3172,0.5374
Switzerland,France,0.0542,0.2244,0.7215
Switzerland,Germany,0.0668,0.2437,0.6895
Switzerland,Ghana,0.8086,0.1652,0.0262
Switzerland,Haiti,0.742,0.2113,0.0467
Switzerland,Iran,0.687,0.2451,0.0679
Switzerland,Iraq,0.8463,0.1366,0.0171
Switzerland,Japan,0.3636,0.3596,0.2768
Switzerland,Jordan,0.6573,0.2616,0.081
Switzerland,Mexico,0.2908,0.3611,0.3481
Switzerland,Morocco,0.2102,0.3463,0.4435
Switzerland,Netherlands,0.0941,0.2759,0.6301
Switzerland,New Zealand,0.4326,0.3486,0.2188
Switzerland,Norway,0.1557,0.3228,0.5215
Switzerland,Panama,0.8585,0.1269,0.0146
Switzerland,Paraguay,0.8529,0.1314,0.0157
Switzerland,Portugal,0.3572,0.3605,0.2823
Switzerland,Qatar,0.7818,0.1843,0.0338
Switzerland,Saudi Arabia,0.7372,0.2143,0.0486
Switzerland,Scotland,0.7648,0.1961,0.0391
Switzerland,Senegal,0.1034,0.2856,0.6109
Switzerland,South Africa,0.727,0.2208,0.0521
Switzerland,South Korea,0.6865,0.2453,0.0683
Switzerland,Spain,0.2521,0.3563,0.3915
Switzerland,Sweden,0.3753,0.3583,0.2664
Switzerland,Tunisia,0.7654,0.1956,0.0389
Switzerland,Turkey,0.7048,0.2345,0.0607
Switzerland,United States,0.3006,0.3614,0.338
Switzerland,Uruguay,0.5845,0.2977,0.1178
Switzerland,Uzbekistan,0.7857,0.1816,0.0327
Tunisia,Algeria,0.0732,0.2519,0.6748
Tunisia,Argentina,0.0033,0.0631,0.9336
Tunisia,Australia,0.2166,0.3482,0.4352
Tunisia,Austria,0.1092,0.2905,0.6003
Tunisia,Belgium,0.01,0.1066,0.8834
Tunisia,Bosnia and Herzegovina,0.1482,0.3185,0.5333
Tunisia,Brazil,0.0148,0.1279,0.8573
Tunisia,Cabo Verde,0.1193,0.2989,0.5818
Tunisia,Canada,0.0456,0.209,0.7454
Tunisia,Colombia,0.1201,0.2995,0.5805
Tunisia,Congo DR,0.1484,0.3191,0.5326
Tunisia,Croatia,0.0554,0.226,0.7186
Tunisia,Curacao,0.3617,0.3601,0.2782
Tunisia,Czechia,0.3052,0.3618,0.333
Tunisia,Ecuador,0.2303,0.3515,0.4182
Tunisia,Egypt,0.0736,0.2527,0.6737
Tunisia,England,0.012,0.1161,0.8719
Tunisia,France,0.0036,0.0653,0.9311
Tunisia,Germany,0.0045,0.0735,0.922
Tunisia,Ghana,0.3933,0.3563,0.2505
Tunisia,Haiti,0.2857,0.3607,0.3536
Tunisia,Iran,0.221,0.3496,0.4295
Tunisia,Iraq,0.4734,0.3387,0.1879
Tunisia,Japan,0.0491,0.2155,0.7354
Tunisia,Jordan,0.1928,0.3402,0.4671
Tunisia,Mexico,0.0333,0.1833,0.7834
Tunisia,Morocco,0.0201,0.1467,0.8332
Tunisia,Netherlands,0.0069,0.0893,0.9039
Tunisia,New Zealand,0.0689,0.2461,0.685
Tunisia,Norway,0.0132,0.1209,0.8659
Tunisia,Panama,0.5026,0.3294,0.168
Tunisia,Paraguay,0.4889,0.3339,0.1772
Tunisia,Portugal,0.0476,0.2129,0.7395
Tunisia,Qatar,0.3453,0.3609,0.2938
Tunisia,Saudi Arabia,0.279,0.3596,0.3614
Tunisia,Scotland,0.3183,0.362,0.3197
Tunisia,Senegal,0.0077,0.0946,0.8976
Tunisia,South Africa,0.2662,0.3585,0.3753
Tunisia,South Korea,0.2203,0.349,0.4307
Tunisia,Spain,0.0265,0.1658,0.8078
Tunisia,Sweden,0.0521,0.2206,0.7273
Tunisia,Switzerland,0.0389,0.1956,0.7655
Tunisia,Turkey,0.24,0.354,0.406
Tunisia,United States,0.0352,0.1875,0.7774
Tunisia,Uruguay,0.1385,0.3128,0.5487
Tunisia,Uzbekistan,0.3518,0.3606,0.2876
Turkey,Algeria,0.11,0.2907,0.5993
Turkey,Argentina,0.0055,0.0803,0.9142
Turkey,Australia,0.2922,0.3608,0.347
Turkey,Austria,0.159,0.3247,0.5163
Turkey,Belgium,0.0162,0.1334,0.8504
Turkey,Bosnia and Herzegovina,0.2093,0.3455,0.4452
Turkey,Brazil,0.0239,0.1585,0.8176
Turkey,Cabo Verde,0.1722,0.3314,0.4964
Turkey,Canada,0.0705,0.2483,0.6813
Turkey,Colombia,0.1732,0.3318,0.495
Turkey,Congo DR,0.2095,0.346,0.4445
Turkey,Croatia,0.0847,0.2655,0.6498
Turkey,Curacao,0.4506,0.3445,0.2049
Turkey,Czechia,0.3913,0.3564,0.2524
Turkey,Ecuador,0.3081,0.3612,0.3307
Turkey,Egypt,0.1106,0.2915,0.598
Turkey,England,0.0195,0.1446,0.8359
Turkey,France,0.0059,0.083,0.9111
Turkey,Germany,0.0075,0.0932,0.8993
Turkey,Ghana,0.4825,0.3358,0.1817
Turkey,Haiti,0.3702,0.359,0.2708
Turkey,Iran,0.2972,0.3613,0.3415
Turkey,Iraq,0.5604,0.308,0.1315
Turkey,Japan,0.0757,0.2549,0.6694
Turkey,Jordan,0.264,0.3579,0.3781
Turkey,Mexico,0.0522,0.221,0.7268
Turkey,Morocco,0.0321,0.1803,0.7876
Turkey,Netherlands,0.0113,0.1124,0.8763
Turkey,New Zealand,0.1039,0.2852,0.6109
Turkey,Norway,0.0213,0.1503,0.8284
Turkey,Panama,0.5879,0.296,0.1161
Turkey,Paraguay,0.575,0.3017,0.1232
Turkey,Portugal,0.0734,0.2523,0.6743
Turkey,Qatar,0.4336,0.3482,0.2181
Turkey,Saudi Arabia,0.3629,0.3593,0.2778
Turkey,Scotland,0.4053,0.3541,0.2406
Turkey,Senegal,0.0127,0.119,0.8684
Turkey,South Africa,0.3487,0.3607,0.2906
Turkey,South Korea,0.2965,0.3608,0.3427
Turkey,Spain,0.0419,0.2017,0.7564
Turkey,Sweden,0.08,0.2601,0.6599
Turkey,Switzerland,0.0607,0.2342,0.7052
Turkey,Tunisia,0.4062,0.3536,0.2402
Turkey,United States,0.055,0.2255,0.7195
Turkey,Uruguay,0.197,0.3417,0.4613
Turkey,Uzbekistan,0.4404,0.3468,0.2128
United States,Algeria,0.4656,0.3404,0.194
United States,Argentina,0.0562,0.2274,0.7164
United States,Australia,0.698,0.2386,0.0634
United States,Austria,0.5513,0.3116,0.137
United States,Belgium,0.1373,0.3122,0.5505
United States,Bosnia and Herzegovina,0.6174,0.2821,0.1005
United States,Brazil,0.1835,0.3366,0.48
United States,Cabo Verde,0.5704,0.3038,0.1258
United States,Canada,0.3684,0.3591,0.2725
United States,Colombia,0.5719,0.3031,0.125
United States,Congo DR,0.6175,0.2822,0.1003
United States,Croatia,0.4075,0.3534,0.2391
United States,Curacao,0.8023,0.1698,0.0279
United States,Czechia,0.7684,0.1937,0.0379
United States,Ecuador,0.7109,0.2307,0.0584
United States,Egypt,0.4665,0.3404,0.1931
United States,England,0.1576,0.3242,0.5182
United States,France,0.0597,0.2331,0.7072
United States,Germany,0.0735,0.2525,0.674
United States,Ghana,0.8188,0.1577,0.0236
United States,Haiti,0.7551,0.2026,0.0423
United States,Iran,0.7021,0.2361,0.0617
United States,Iraq,0.8547,0.13,0.0153
United States,Japan,0.3833,0.3573,0.2594
United States,Jordan,0.6735,0.2527,0.0738
United States,Mexico,0.3091,0.3618,0.3291
United States,Morocco,0.2258,0.3506,0.4236
United States,Netherlands,0.1029,0.2843,0.6128
United States,New Zealand,0.4527,0.3437,0.2036
United States,Norway,0.1685,0.3294,0.5021
United States,Panama,0.8662,0.1207,0.0131
United States,Paraguay,0.8609,0.125,0.0141
United States,Portugal,0.3768,0.3584,0.2648
United States,Qatar,0.7932,0.1763,0.0305
United States,Saudi Arabia,0.7504,0.2056,0.044
United States,Scotland,0.7769,0.1878,0.0353
United States,Senegal,0.1129,0.2939,0.5932
United States,South Africa,0.7407,0.212,0.0472
United States,South Korea,0.7016,0.2363,0.0621
United States,Spain,0.2693,0.3587,0.3719
United States,Sweden,0.3951,0.3555,0.2494
United States,Switzerland,0.3381,0.3612,0.3007
United States,Tunisia,0.7775,0.1873,0.0352
United States,Turkey,0.7193,0.2256,0.0551
United States,Uruguay,0.6027,0.2893,0.108
United States,Uzbekistan,0.7969,0.1736,0.0295
Uruguay,Algeria,0.1979,0.3417,0.4604
Uruguay,Argentina,0.0122,0.117,0.8708
Uruguay,Australia,0.4321,0.3487,0.2192
Uruguay,Austria,0.2687,0.3586,0.3727
Uruguay,Belgium,0.0348,0.1868,0.7784
Uruguay,Bosnia and Herzegovina,0.3347,0.3611,0.3041
Uruguay,Brazil,0.0502,0.2173,0.7325
Uruguay,Cabo Verde,0.2867,0.3604,0.3529
Uruguay,Canada,0.1346,0.3098,0.5556
Uruguay,Colombia,0.2881,0.3605,0.3515
Uruguay,Congo DR,0.335,0.3615,0.3035
Uruguay,Croatia,0.1582,0.3238,0.518
Uruguay,Curacao,0.5904,0.2949,0.1146
Uruguay,Czechia,0.5346,0.3181,0.1473
Uruguay,Ecuador,0.4495,0.3444,0.2061
Uruguay,Egypt,0.1987,0.3423,0.459
Uruguay,England,0.0413,0.2006,0.758
Uruguay,France,0.0131,0.1208,0.8661
Uruguay,Germany,0.0166,0.1345,0.8489
Uruguay,Ghana,0.619,0.2814,0.0995
Uruguay,Haiti,0.5139,0.3256,0.1605
Uruguay,Iran,0.4377,0.3475,0.2148
Uruguay,Iraq,0.6852,0.2461,0.0687
Uruguay,Japan,0.1433,0.3154,0.5413
Uruguay,Jordan,0.4004,0.3546,0.2449
Uruguay,Mexico,0.103,0.2848,0.6122
Uruguay,Morocco,0.0661,0.2422,0.6917
Uruguay,Netherlands,0.0245,0.1601,0.8154
Uruguay,New Zealand,0.1886,0.3381,0.4733
Uruguay,Norway,0.045,0.2075,0.7475
Uruguay,Panama,0.7076,0.2327,0.0597
Uruguay,Paraguay,0.6972,0.239,0.0638
Uruguay,Portugal,0.1395,0.3133,0.5472
Uruguay,Qatar,0.5749,0.3016,0.1235
Uruguay,Saudi Arabia,0.5066,0.3277,0.1657
Uruguay,Scotland,0.5482,0.3128,0.139
Uruguay,Senegal,0.0274,0.1685,0.804
Uruguay,South Africa,0.4922,0.3326,0.1752
Uruguay,South Korea,0.4369,0.3474,0.2157
Uruguay,Spain,0.0844,0.2653,0.6503
Uruguay,Sweden,0.1504,0.3196,0.53
Uruguay,Switzerland,0.1178,0.2972,0.585
Uruguay,Tunisia,0.5491,0.3123,0.1386
Uruguay,Turkey,0.4613,0.3416,0.1971
Uruguay,United States,0.108,0.289,0.6029
Uruguay,Uzbekistan,0.5811,0.2989,0.1199
Uzbekistan,Algeria,0.0622,0.2366,0.7012
Uzbekistan,Argentina,0.0027,0.0574,0.9399
Uzbekistan,Australia,0.191,0.3395,0.4695
Uzbekistan,Austria,0.0938,0.2757,0.6305
Uzbekistan,Belgium,0.0082,0.0975,0.8942
Uzbekistan,Bosnia and Herzegovina,0.1285,0.3055,0.566
Uzbekistan,Brazil,0.0123,0.1174,0.8703
Uzbekistan,Cabo Verde,0.1027,0.2845,0.6128
Uzbekistan,Canada,0.0383,0.1944,0.7672
Uzbekistan,Colombia,0.1034,0.2851,0.6115
Uzbekistan,Congo DR,0.1287,0.306,0.5652
Uzbekistan,Croatia,0.0468,0.211,0.7423
Uzbekistan,Curacao,0.3288,0.3619,0.3094
Uzbekistan,Czechia,0.2743,0.3596,0.3661
Uzbekistan,Ecuador,0.2037,0.3438,0.4525
Uzbekistan,Egypt,0.0625,0.2373,0.7001
Uzbekistan,England,0.0099,0.1063,0.8837
Uzbekistan,France,0.0029,0.0594,0.9376
Uzbekistan,Germany,0.0037,0.0669,0.9293
Uzbekistan,Ghana,0.3596,0.3602,0.2802
Uzbekistan,Haiti,0.2558,0.357,0.3872
Uzbekistan,Iran,0.195,0.3412,0.4638
Uzbekistan,Iraq,0.4392,0.3475,0.2133
Uzbekistan,Japan,0.0414,0.2007,0.7579
Uzbekistan,Jordan,0.169,0.3298,0.5011
Uzbekistan,Mexico,0.0279,0.1697,0.8025
Uzbekistan,Morocco,0.0167,0.135,0.8483
Uzbekistan,Netherlands,0.0057,0.0815,0.9129
Uzbekistan,New Zealand,0.0584,0.2308,0.7108
Uzbekistan,Norway,0.0109,0.1108,0.8783
Uzbekistan,Panama,0.4687,0.3397,0.1916
Uzbekistan,Paraguay,0.4548,0.3435,0.2017
Uzbekistan,Portugal,0.0401,0.1982,0.7617
Uzbekistan,Qatar,0.3128,0.3616,0.3256
Uzbekistan,Saudi Arabia,0.2494,0.3554,0.3952
Uzbekistan,Scotland,0.2869,0.3607,0.3525
Uzbekistan,Senegal,0.0064,0.0864,0.9072
Uzbekistan,South Africa,0.2373,0.3534,0.4093
Uzbekistan,South Korea,0.1944,0.3405,0.4651
Uzbekistan,Spain,0.0221,0.153,0.8249
Uzbekistan,Sweden,0.0439,0.2057,0.7504
Uzbekistan,Switzerland,0.0327,0.1815,0.7858
Uzbekistan,Tunisia,0.2876,0.3604,0.352
Uzbekistan,Turkey,0.2127,0.347,0.4403
Uzbekistan,United States,0.0295,0.1737,0.7969
Uzbekistan,Uruguay,0.1198,0.2993,0.5809
